thigh_length,calf_length,motor_left_name,motor_right_name,gear_left_ratio,gear_right_ratio,gearbox_left,gearbox_right,torso_distance,ik_height,ori_l,ori_theta,best_index,best_cost,ac1,ac2,ac3
0.25882454973770086,0.24338257151051917,U12,MN8014,10.393978896498862,9.30724910923985,CPG,CPG,0.12430789885319597,0.342437148848744,0.4612513725002639,0.497160665870624,0,0.1457020894980507,436.7,4.8,28.6
0.24002470096201345,0.23846837883717287,U12,MN8014,9.367692020075456,7.318875163788851,CPG,SSPG,0.13208617070409506,0.37752625615480917,0.2909948349439541,-0.23287308216293123,0,1000000.0,488.7,3.9,33.9
0.2621371365845255,0.2471781145478894,U10,MN8014,6.541243359919168,8.018115720991077,CPG,CPG,0.11946854520058281,0.373315883459672,0.20666700062094895,-0.6023079714546299,0,0.5879122760746842,569.4,4.9,26.4
0.23165109519324484,0.2570549607845392,U10,MN8014,6.899257807910121,8.110999209989691,CPG,CPG,0.12068703420714164,0.37992104714398567,0.2009443260456059,-0.62603869463685,2,0.09051232533452946,551.6,3.4,35.3
0.23255891237486673,0.2711934731273339,U10,MN8014,9.66237985644751,8.843473438737234,CPG,CPG,0.12311720689934463,0.432634849335194,0.2056715915927535,-0.3247262671727893,2,1.211472775787248,505.7,2.9,34.2
0.23742744464803414,0.2711531738920803,U10,MN8014,8.947132887387145,6.351564975159333,CPG,CPG,0.1130216355404753,0.4299136665163005,0.2459861783040675,-0.5985624265389299,1,0.05948833668066822,458.8,1.1,32.6
0.2324544982876956,0.2936626704775861,U10,MN8014,6.872421140102883,6.637257842672228,CPG,CPG,0.13009845416383026,0.3896763936533202,0.2597078018519466,-0.6435967768450266,6,0.15170651647564704,515.1,2.2,32.6
0.23170639827021822,0.3078794940951106,U8,MN8014,6.197654332417823,7.411160950027549,CPG,CPG,0.117375087208096,0.3797201948076108,0.23521818170626455,-0.5258924771576328,0,-0.37421086547848503,525.2,2.4,33.6
0.21265171173318662,0.30363800014238385,U8,MN8014,9.1695825776567,6.395812635747776,CPG,CPG,0.12048887088156261,0.3653517945135822,0.2074374520741365,-0.7762023410330535,6,-0.5901173941802327,592.5,1.5,32.1
0.1988056174885249,0.3217133128017895,U12,MN8014,13.710822827043557,6.460786653269809,CPG,CPG,0.10875468654314888,0.3578653986583341,0.2000424542055628,-0.9274711277923307,5,1.0386445903787145,665.4,0.6,32.2
0.2341147559136933,0.29456858908950456,U10,MN8014,16.213237231710394,7.413962604526972,WPG,CPG,0.11363616996642135,0.3785264001090032,0.27643304781862515,-1.0101564258441385,4,1.1531984643151814,560.1,0.3,33.2
0.2220988483625668,0.29720698216594094,U10,VT8020,11.042547927590807,7.454972870710655,CPG,CPG,0.10882379511298082,0.3756389337696643,0.20994947775635986,-0.4877334279642076,7,0.32025686446244084,542.5,0.1,38.3
0.2361252222176635,0.33081942218001853,U8,VT8020,14.848372441038414,6.825452673397172,CPG,CPG,0.12714358021504313,0.3739954386639438,0.2238378653298827,-0.5745845997512121,3,0.45129826189076194,589.4,0.3,30.0
0.2227645251021779,0.33897110793736823,U8,MN8014,13.140781564089417,7.161018672131884,CPG,SSPG,0.123478995657062,0.3578851659809444,0.27806665265035735,-1.005271038769058,0,0.9895310276681935,601.6,1.4,37.7
0.24161596321158804,0.33373225580419685,U8,MN8014,12.907832202887164,5.732510369322795,CPG,SSPG,0.12015218951693177,0.3655630194069695,0.20316282330230628,-0.7889612204709455,3,-0.8556690889393783,596.4,0.6,39.4
0.22797905372382804,0.2986351840075454,U8,MN8014,13.257683811472235,4.761414612182647,CPG,SSPG,0.11972780164601021,0.3920814067524818,0.24047712351266443,-0.5454920585482901,1,-0.5213862303827472,589.5,0.5,36.6
0.2360713618388116,0.30316292642218645,U10,U12,10.944746730319547,7.891541970866714,CPG,CPG,0.12931354355826574,0.37984200896240305,0.5661839242767845,-0.2161530995168257,6,0.44847593911922257,639.8,1.9,38.5
0.2163411921297249,0.34144811181583995,U8,U12,9.72027550597818,9.146691176239496,CPG,CPG,0.13439893658150537,0.39832109062375787,0.5479463969353946,-0.04774248079530419,2,-0.10522968280113987,557.3,0.4,35.4
0.24004367920326697,0.3020147194171047,U8,MN8014,11.632080495572833,5.817249429140337,CPG,SSPG,0.13778382908472325,0.3982919615211825,0.3220887898004306,-0.9877418772475614,7,0.7746766089084105,558.9,1.1,33.3
0.2585049600046827,0.2955675212099992,U8,MN8014,11.807912260193786,6.582470477716351,CPG,CPG,0.12248027966325921,0.4105898541972965,0.22802335422115674,-1.0243003070470027,7,0.10841290978861373,483.3,1.2,35.2
0.25921357894964053,0.2965885414640641,U8,MN8014,12.293429362606899,5.679095078163163,CPG,SSPG,0.13663677866300095,0.38101663790323026,0.20048095368826796,-0.9618273895126451,4,-0.15478677771365223,481.2,1.0,32.5
0.25890440954350824,0.29646137842019726,U10,MN8014,13.156745044418523,6.54190305887163,CPG,CPG,0.1293533708149321,0.39519720218310983,0.21447641815345614,-0.9956932185355566,2,0.38852675284678906,483.5,0.9,31.1
0.2490769694167898,0.29971341795918405,U10,MN8014,9.927626616540394,7.150464418192872,CPG,SSPG,0.1289348530708904,0.42136717435462856,0.23513463519328068,-0.6513535892708711,0,-0.09473372854744255,454.8,0.7,34.5
0.2522300501406033,0.29902010533515777,U8,MN8014,9.929603006393535,7.757701167919332,CPG,CPG,0.12566005025454924,0.4042187779913251,0.270513588819726,-0.477349627850884,7,-0.3216029072126698,514.2,0.6,35.7
0.2677545499668357,0.3139793005417062,U8,MN8014,9.171374791403144,8.236359337217856,CPG,CPG,0.13179845352826036,0.4212187604505513,0.2697180855565505,-0.5391249497411286,3,-0.2909806996804214,512.9,1.1,35.9
0.2693062944605944,0.3189081973579201,U8,MN8014,10.951703502035663,6.324308577343064,CPG,SSPG,0.11941147686116993,0.39698812588126475,0.20124265716956644,-0.7117401256381415,6,-0.5839430602138505,499.4,1.3,40.4
0.2806652896595172,0.3019476709131069,U8,MN8014,10.262701601478934,6.852241224254446,CPG,CPG,0.12703823642541742,0.40878289109563437,0.20856802224142057,-0.8460496947175077,4,0.6604892473717001,456.1,1.9,36.9
0.26969756173701814,0.30435945526581715,U8,MN8014,10.72365990211038,5.275059774012405,CPG,CPG,0.12137522166857342,0.4078027388157977,0.20493955835733857,-0.8883421807005082,5,-0.32247521451346994,489.6,1.1,38.8
0.2726760420361401,0.32189047585899433,U8,MN8014,8.958646978470766,4.90274730524535,CPG,CPG,0.12618139480898477,0.3990291360536331,0.20451868354604938,-0.8755470130102768,3,-0.33584279474641,527.5,1.0,41.5
0.2679235757379469,0.3203136993916486,U8,MN8014,12.49712836316024,5.030987048817506,CPG,SSPG,0.12440696997809632,0.4262482334659505,0.20011193119997894,-0.9210484929502296,4,-0.5144009248096211,523.2,0.9,37.7
0.2806695752183773,0.3091711587147663,U8,MN8014,10.840001998990896,4.563737713510019,CPG,SSPG,0.12009110582937284,0.43102317196510787,0.21181775645090378,-0.889453611357114,6,-0.4724710604820057,504.4,0.2,40.3
0.27664261854995553,0.3264490035831836,U8,MN8014,12.644753910020514,5.623836461465694,CPG,SSPG,0.11648264032861746,0.42750944380234385,0.22017277583634332,-1.0278989140397665,1,-0.5176651071752634,559.5,0.5,39.3
0.2701805860411313,0.3381802636190651,U8,MN8014,12.167938975470463,5.697085335494967,CPG,SSPG,0.11802057832125823,0.4128610900850776,0.23244505758545153,-0.9511120965229286,7,-0.5910294131165292,592.7,0.8,40.1
0.27725634974835967,0.31944716889902636,U8,MN8014,10.078410642585581,4.777914517740251,CPG,SSPG,0.11890459906130094,0.452298576236528,0.20271780276739387,-1.028270964564879,4,-0.5182055725731889,504.0,0.8,38.8
0.2793810209774994,0.32823052740158665,U8,MN8014,12.750958593230175,4.589401554812796,CPG,SSPG,0.11171121005422018,0.4231531437309671,0.21323066878071717,-0.9962786048385165,1,-0.5672427041580912,525.1,0.0,39.2
0.2782841500819373,0.332595120308511,U8,MN8014,12.146728015742914,4.246859857124247,CPG,SSPG,0.11109608205079124,0.42057331980289364,0.24275701095747873,-0.8582045410273491,2,-0.6280694623229213,565.0,0.5,40.7
0.2674731056088557,0.3245535067050306,U8,MN8014,11.98582729876453,4.050939292540794,CPG,SSPG,0.11307128667598763,0.44322317567198954,0.21772400722193658,-0.9764213198477758,4,-0.6030543822924024,539.0,0.8,39.7
0.2673217339870967,0.32908612155995304,U8,MN8014,12.056217994088158,4.008767887905803,CPG,SSPG,0.11680362296863607,0.44403703268349315,0.22537991900293838,-0.9193918468328423,0,-0.5793078074319356,534.3,0.1,43.1
0.2586044326998067,0.3456992637628883,U8,MN8014,12.8303123860331,4.012875433328073,CPG,SSPG,0.11692654044835475,0.44859245131431347,0.22672510912796917,-0.943197906973216,2,-0.6216447853136433,561.6,0.1,44.9
0.2483093973031806,0.34685858910370243,U8,MN8014,13.00870590757719,4.004763052192555,CPG,SSPG,0.11805468380937889,0.4402416703765113,0.22117760987337554,-0.8837975517818328,1,-0.7094514162502357,485.4,0.1,43.1
0.2734022203786397,0.33880272661296695,U8,MN8014,11.025634427100226,4.183277983869174,CPG,SSPG,0.11428100138145912,0.45802099280107345,0.21344324085233518,-1.0666308650217906,0,-0.5874253759331234,509.0,0.1,42.2
0.26441355808860334,0.3465926248932223,U8,MN8014,11.350478654634347,4.0476639152640095,CPG,SSPG,0.1187759915859777,0.4643320710446033,0.24204997088245847,-0.9639413396105663,6,-0.6069966327102287,512.3,0.1,41.0
0.27330521940054847,0.33897912126921953,U8,MN8014,12.778544302091909,4.004638052418009,CPG,SSPG,0.11534947892018681,0.4422923421766381,0.230395539852441,-0.9659133696475036,4,-0.6795865265613994,503.5,0.1,37.4
0.2701953340486347,0.34911696391145164,U8,MN8014,12.833971397682754,4.236641132602056,CPG,SSPG,0.12090838362006615,0.45035146059981845,0.24000083538436767,-1.0139045353405023,0,-0.6515195038798884,550.5,0.2,41.9
0.26906330928242905,0.34721236347662665,U8,MN8014,13.195425546043214,4.484284441607519,CPG,SSPG,0.11815442287042235,0.4544801465786735,0.23081617486097017,-1.0437429776955551,1,-0.5888553656505735,514.7,0.1,38.7
0.27063216463201495,0.3496621362194716,U8,MN8014,14.454153840685773,4.565396628608396,CPG,SSPG,0.12443480980431866,0.45904088659878806,0.20450867573429685,-1.0335383378705596,0,-0.6242536608998304,498.3,0.0,41.3
0.24981784533826049,0.3361522804258381,U8,MN8014,15.033030428625699,4.602142798511798,CPG,SSPG,0.12517979228740356,0.4440309477911324,0.22877929470055267,-1.0535783582136493,4,-0.5454369396067857,581.8,0.1,41.1
0.26882229421198706,0.3480614083771289,U8,MN8014,13.730242498273658,4.383543796992335,CPG,SSPG,0.12938926596647105,0.43859523786552546,0.2154694046266771,-0.9741605197526433,6,-0.6903516425962373,497.0,0.1,38.6
0.26712764407150824,0.34901586334350754,U8,MN8014,14.13207453799744,4.0038955756368795,CPG,SSPG,0.12250142651229019,0.43941587996781045,0.20126548065748717,-1.2026268738792958,4,-0.671898345308275,541.3,0.1,41.2
0.24292749733024513,0.3476919487427635,U8,MN8014,14.455732826216549,4.097596735553927,CPG,SSPG,0.11764824018997083,0.4257097435298568,0.20379013056376338,-1.1267415394560558,5,-0.7688808907982478,650.0,0.5,43.3
0.2614387320212638,0.34013663798125704,U8,MN8014,15.407581355613669,4.016602378202907,CPG,SSPG,0.11336549126602898,0.4202390445005893,0.20379288640172294,-1.0504036602594637,1,-0.7149482140916685,605.5,0.6,41.0
0.25425822521469355,0.3361342230617137,U8,MN8014,14.732644408788605,4.157569274195414,CPG,SSPG,0.10999071253029052,0.4044897160473857,0.2030133679046491,-1.1186012389557645,2,-0.8189117465288049,673.3,0.8,42.5
0.26663012412460246,0.34844654705740685,U8,MN8014,15.825156279634577,5.573867944653802,CPG,SSPG,0.11952072447754207,0.4005494363814711,0.20005721082011532,-1.0903796021150296,2,-0.6685102553158497,693.8,1.1,42.3
0.25106040071995517,0.3484757824408073,U8,MN8014,15.147308019500885,4.03956741867631,CPG,SSPG,0.12032786957878923,0.39102738730555114,0.20000858934719654,-0.9609238182340711,1,-0.830231169147261,652.3,0.5,41.1
0.2513575932644097,0.34592647131968285,U8,MN8014,17.027970115692746,4.152408556657458,WPG,SSPG,0.11909164198284507,0.38209784693840854,0.21382439133857864,-0.819291531450969,0,-1.0103798474464067,689.1,0.7,42.7
0.2599188857172269,0.34925409222107695,U8,MN8014,14.882014414901132,4.018750691824918,CPG,SSPG,0.1296194707003373,0.40964375032272526,0.20498193767211137,-1.121797561030465,0,-0.8571887858866605,661.3,0.9,41.9
0.2497726100885197,0.34958510954669836,U8,MN8014,15.082082252863852,4.178488630099946,CPG,SSPG,0.11982545896228432,0.37942676664039815,0.20048777282933344,-0.9605268363906536,7,-0.893376902522542,726.0,0.6,44.2
0.23974472805245212,0.349964971987846,U8,MN8014,15.36597402241541,5.669244254313984,CPG,SSPG,0.12882711931654325,0.3912875410692029,0.22214199408550314,-0.8077632575023788,5,-0.7883749919484906,728.5,0.4,45.0
0.24419877826649344,0.34805186448490943,U8,MN8014,15.829824484017397,4.116017565756767,CPG,SSPG,0.12266086052178912,0.39728854869169533,0.21603618929697177,-0.7808174020842218,6,-0.6941223444499514,698.6,1.2,46.1
0.24147337005836145,0.3475464342841499,U8,MN8014,16.988664488683757,4.009777141218563,WPG,SSPG,0.11888610233298869,0.3868628940402817,0.2000022134138892,-0.7692341888854793,2,-0.5649757267665034,714.3,0.5,44.0
0.2430376825234437,0.34740035077006737,U8,MN8014,16.50270618565859,4.016913780405935,CPG,SSPG,0.12570652637943763,0.379804517479682,0.2097931327652836,-0.8759685311630345,7,-0.9997221029770795,759.9,1.1,47.0
0.22338416441152498,0.3495869699020775,U8,MN8014,17.044576250556815,4.084312484569099,WPG,SSPG,0.11493974306472447,0.3657099084350199,0.2015723438098007,-0.9390430738183888,2,-0.9845777832402245,747.3,1.8,44.9
0.23587486067649255,0.34903319780619696,U8,MN8014,16.650730768097077,4.057491023333881,CPG,SSPG,0.12066937942168054,0.3691624330508839,0.20232075341211656,-0.8915328854995198,7,-0.95872091663467,797.5,1.1,45.5
