id,cost,apex_gain_m,apex_height_m,takeoff,positive_work_j,peak_power_w,peak_force_n,thigh_m,shank_m,payload_kg,hip_motor,knee_motor,hip_ratio,knee_ratio,hip_gearbox,knee_gearbox,actuator_mass_kg,crouch_fraction,thrust_time_s,hip_kp,knee_kp
b6ea8a93,0.19862745816170008,0.5490123791998228,1.0628660048194707,True,45.235989157434865,727.0918562932086,347.6373350995028,0.26588418952786147,0.2380886203893013,2.203242676088913,U8,U8,15.98191457355175,6.563007774770018,CPG,CPG,1.3820000000000001,0.6127257045689507,0.12709165981048987,254.27815345086228,134.67531013049467
c1f94590,0.0471943092203696,0.5922931766702841,1.0826085251352127,True,36.11916572604358,849.1906793636037,413.7032573878648,0.24262444561884688,0.23708209919035775,1.2987211589262557,U10,U8,14.35235693194045,17.020902683887407,CPG,WPG,1.954,0.5547926585893268,0.14437612230007804,164.08218694826007,181.2347544587876
8768e310,0.04835831025139713,0.24707683150193877,0.7118767664726169,True,15.372342783555727,418.46925439125835,396.49310214653804,0.2186123494027965,0.23478964541233555,1.493242198321717,U8,U8,8.626653667276383,10.012432165345366,CPG,CPG,1.2970000000000002,0.643326169804618,0.14997850558331796,212.46059102640908,299.14134665506333
82b4e0d0,-0.07406799832620593,0.7030168525349706,1.2076609626000958,True,35.69325694725098,1383.6635569874802,502.01686083718516,0.2463615659748672,0.24811689800979803,1.1233638624741904,U8,U10,9.671602744781367,15.902753051215711,CPG,CPG,1.871,0.6307306465604651,0.10194109575139595,313.96288415835903,349.2660115808891
dabce5de,-0.05442092569519712,0.9286839425132919,1.493214374164609,True,53.33753445453965,1400.620230440408,431.8588680426386,0.25970604663208124,0.2965108932146372,1.5639799015852252,U8,U8,9.619669127173882,15.342790218217868,CPG,CPG,1.484,0.6639394532606152,0.07045097380823429,204.42234892328145,219.95302745806683
f03c73d4,0.14001037741244915,0.7765059679976093,1.322998775219183,True,56.40442302733723,1220.7984039002113,413.4638419942089,0.29147937173352434,0.24614207901036605,2.118763023518245,U8,U8,8.353001754719365,13.674938014802793,CPG,CPG,1.409,0.6348347155132611,0.08884700064508944,378.746416055902,301.7683830746964
f4a827b7,-0.6044289896066869,1.6090862125501137,2.158038322723904,True,60.330481529561794,2170.186145825607,378.20122484165853,0.29280618612968357,0.24735062848247127,0.6405584121325087,U8,U10,15.816630424289947,16.884946480554937,CPG,WPG,1.9940000000000002,0.6230961666705546,0.07597266683281334,106.3576186092281,420.95542835456774
4b8fbcf2,0.20637417880513317,0.11077491461630329,0.5928221240024394,True,11.873272894762433,384.98306984587555,357.46137520953056,0.24272374560566312,0.22845894448313697,0.8795061524894697,U12,U8,12.818911936575038,12.936790787647006,CPG,CPG,2.7809999999999997,0.7141625728947724,0.160120543284704,201.52532201920417,270.1736148701167
a1133ee7,-0.3921802965101872,1.1138937136846665,1.6562309160528652,True,41.904227811631955,1392.057012949369,459.3564657109276,0.26058281967735286,0.27275450235171794,0.3748383903659957,U10,U8,10.556491578859179,17.326431308700656,CPG,WPG,1.863,0.6544848019493763,0.07701523478130845,307.49224946525607,356.2124911088392
aa3172b0,0.02731624927628258,0.5759907760719738,1.0912774932094826,True,32.120468356550425,1268.9914172627875,497.54780040105015,0.30655075675991805,0.19889946709318387,0.6575507374418521,U10,U10,16.347461216406455,19.894033300492826,WPG,WPG,2.43,0.6498445142773464,0.10707086790888226,394.8160425050687,407.90395975762146
743b14d6,-0.17694858730993734,1.2204657509015058,1.8563032234604977,True,61.71781090610456,1611.7717740035155,504.87054781741926,0.27996581089442374,0.34976354225917605,0.7158640465746293,U12,U8,9.530523357780623,10.250724709667466,CPG,CPG,2.355,0.6336043489598315,0.08998719394972463,253.86588449993334,504.9281480601724
3e7c3435,-0.07960967045810163,0.8257600988889697,1.400454874201427,True,44.370028562057875,700.6703930010568,320.3801792571533,0.2957860008160544,0.2709096438359633,0.8419430136966177,U8,U8,15.770456163290843,18.999553642814455,CPG,WPG,1.612,0.5584991729621757,0.10895272680639184,299.781440397265,31.507257766133815
fa57ce86,-0.12840260988443283,0.5680771672118679,0.9630911797178692,True,23.718303821829004,1022.3981698927774,568.5758226838333,0.22883482228955304,0.15262292256199475,0.6009600499995262,U10,U8,9.139497914755152,10.534280217595938,CPG,CPG,1.678,0.6722522222614513,0.07350735293300723,216.37224292221404,650.5602214550901
92d4e1b4,-0.3666506088016286,1.5200211932008831,2.022972698122154,True,67.4980389599503,2325.0376421802694,484.3501023743371,0.23465654140739917,0.2580769688207152,0.31424268381754344,U12,U10,9.911643796784237,17.560141165139086,CPG,WPG,2.818,0.601713769498535,0.07118654330439611,323.59037493564176,396.4407387165645
a97db76a,-0.6550470528272009,1.650178493866745,2.2567022977417173,True,60.32209606930294,2055.3276678664593,300.56587540846107,0.3365066547645401,0.26300242139522517,0.4973424864656898,U10,U8,8.714235649480058,18.176815368647098,CPG,WPG,1.806,0.5693229029288154,0.06730535601262112,242.10666645355343,448.07594047446514
70dba624,-0.5376362130561655,1.3236843267298726,1.8978851609629521,True,46.42320757824714,1488.2810431767466,252.46091811856877,0.3074457004556356,0.25874072658877634,0.27559633558352714,U10,U8,10.057263064060034,12.631935699026423,CPG,CPG,1.794,0.5921991497692245,0.07103384224985393,192.8705929803063,424.91525678169415
2249eb85,-0.14395523141122657,0.781644121285304,1.318551091791599,True,36.332592658271835,1099.3479220569004,403.2549774269649,0.34826755706368756,0.17947158778816297,0.8091376072944964,U10,U8,10.685078200588567,17.557661353697043,CPG,WPG,1.854,0.6376317752181002,0.11064643097029991,302.9340769335409,343.675822702858
abe0df26,-0.6182863342269067,1.529629741520374,2.0640253416633767,True,54.502893819564484,1500.1052257928668,277.2794024272408,0.3140698021662851,0.2110803010739241,0.43280288088584096,U10,U8,10.776285155944302,15.857139051538946,CPG,CPG,1.8760000000000001,0.5502483725267294,0.04354441739474863,167.0929420966556,427.37434700565615
adbc338e,-0.5037605704077323,1.4217299502228715,2.003933376527572,True,53.56462532100928,1887.2345826778371,373.85929346741295,0.29175719872656614,0.2826793232370428,0.25414647139482655,U12,U8,6.777767406463349,22.39844688871546,SSPG,WPG,2.29,0.6867924319265724,0.06525810675717418,253.7019967042414,386.35358491070167
7e6fa9ea,-0.5027397831124244,1.3716555125537542,1.9015484847932798,True,50.941048629421985,2442.2868359427944,312.5928011680521,0.30140839030589905,0.21909982849773563,0.40522045415318864,U12,U8,4.2849869294654965,20.20131717703648,CPG,WPG,2.096,0.614583011871048,0.047879803154876,46.54202916314958,624.4122544996964
347a42a2,-0.41880378161795034,1.4846986679867906,2.08524913504276,True,64.63632575792269,1809.4564071951868,288.2327009736349,0.31513996182514836,0.27821103513976864,0.893467543691286,U10,U8,11.75672959063381,18.73109434125735,CPG,WPG,1.927,0.5694636367942575,0.041333028586454275,138.446195278405,457.3787049187602
63823a49,-0.35722613868705594,1.105267280719982,1.7073313248190232,True,43.789409468861734,1483.7361045843388,388.0271249901562,0.33521388942272196,0.2596974962463928,0.29441123950317827,U10,U8,8.11363650615397,15.376402375941284,CPG,CPG,1.824,0.6949945832173106,0.0580341698166988,293.8326246966345,203.8520009531887
b5abc653,-0.22187421021065157,0.7259596306519658,1.320789463736769,True,28.662361362754282,916.5049643041111,440.14614446769787,0.30172594489684607,0.2857274912730542,0.6851579367875368,U8,U8,11.1150588585018,18.63039423775239,CPG,WPG,1.483,0.666811400177672,0.11262465427197449,255.2642648282049,579.9456047112743
6c57a5cb,-0.3324371133228155,2.2345383125663405,2.780727816641141,True,114.95007994956833,3844.6920083456357,693.6585095710882,0.286370974815103,0.25093779227232005,0.3624328549546496,U12,U12,8.778870657447438,19.544182156821723,CPG,WPG,3.557,0.5763916556851774,0.07451464660007093,214.905412844195,314.21755099627
38d59220,-0.18025922433283512,1.0296213069879072,1.6054631599646796,True,50.624138843671474,1247.9350880786787,441.6531201795155,0.31834477654272947,0.24953342240239657,1.1576203673814083,U10,U8,9.52381164741202,11.78076252959108,CPG,CPG,1.7999999999999998,0.5689105179282208,0.0673889431466554,303.84884678643397,521.7510712382784
a17664d9,-0.40154741395806726,1.5297282760556974,2.0738378371220003,True,69.29205747317535,2559.8275540660206,488.5823528390662,0.3150070029768154,0.2201574929678268,1.562948960412066,U8,U10,4.454554278034479,20.764819411153276,CPG,WPG,1.776,0.6097884587124222,0.042450541468535975,192.4633510890805,258.1601214074408
72047b54,0.014119407645549642,0.5708564578649519,1.1176585974536417,True,33.34839103403343,498.8059403684309,254.1516407098553,0.3173054063463135,0.22063494374511927,0.9803667401584424,U10,U8,5.903123114627421,20.76462837193018,SSPG,WPG,1.6949999999999998,0.6181550139870777,0.04683645095352157,253.49637548713577,32.56165408775425
19f0660b,-0.312832350558538,1.7646691773995913,2.3598844489228474,True,85.98578845607022,2939.003774562195,502.8280614250533,0.3095782771562219,0.27827251822857824,0.34295395406648344,U12,U10,18.459612361334464,24.952623912376218,WPG,WPG,3.241,0.5898754864599822,0.05180879691728415,35.18909667197165,438.08649059026476
a064260d,-0.26451385021231355,1.4758740798850836,2.0030096045415537,True,71.54401531151801,2983.5420876711173,765.5209181351808,0.29725995701472474,0.2204055323218424,0.5339394845446731,U8,U12,13.271102255076022,24.957617247844873,CPG,WPG,2.764,0.583356204478759,0.08325599967653016,229.9240687625336,550.0631740178893
76fe9024,-0.4049231410130253,1.2298328142852355,1.800106709889195,True,48.143978218147346,2035.6738489032803,456.2247962887227,0.3379927038550229,0.22414533285008997,0.2657098751057389,U10,U10,4.454562261987021,16.365810054634444,CPG,CPG,2.055,0.7236890868185244,0.056248921171669894,39.39086068010091,335.4377211784948
785ba972,-0.07798881731311358,1.197476877234021,1.7774975905006687,True,67.16920399472716,1318.9094690668046,282.06640210643764,0.2970218381631642,0.2751644641735862,1.119258010989972,U12,U8,6.8195025754485545,12.934856728534717,SSPG,CPG,2.239,0.5104526999203416,0.044752134596751196,251.60633692596588,326.20298745019915
7112cd96,-0.31150420532677214,1.5040376180987491,2.034725668659216,True,69.5522275181318,2633.8575466589464,601.4555584793306,0.31679723850457625,0.20453064867116263,0.4006079384181332,U10,U12,8.475534047242437,14.945680709535226,CPG,CPG,2.985,0.6890743346098667,0.05380261277413167,300.6264978993632,222.2836830781725
1a591378,-0.17729185665689146,1.1176460822714431,1.7141349487629696,True,54.65028170763678,1287.0953009295386,369.0098377121768,0.33584362052016403,0.2533201593680077,0.2600753108809686,U12,U10,4.010635312335495,19.602459050617007,CPG,WPG,2.412,0.6493618270933449,0.09414235063235223,115.17158588335789,133.84364420667305
31f8c3f3,-0.905860267081123,1.7704432279203903,2.3955792002539567,True,52.725530722617826,1708.4610799356028,271.99944419538264,0.3486160664526112,0.270080812241787,0.3337472200990118,U8,U8,6.099613604563875,24.939991126702296,SSPG,WPG,1.4740000000000002,0.5315038118415175,0.11932797151201113,218.76390841816007,442.8418534383412
f6c3dbee,-0.07326335860271203,0.520208325346567,1.0759890190075447,True,23.206331116257,682.5885160627253,309.7647056407192,0.29173602179334457,0.2554605696097252,0.3807943999392983,U10,U10,4.874852575633594,16.08612764422992,CPG,WPG,1.977,0.732436746828576,0.08119135937602869,109.93749049440629,146.03734715250602
c1e17317,0.029869923284420175,0.7826147954184371,1.3291975568481869,True,46.09231458019049,943.5162165955376,422.5720257166337,0.3177287866730968,0.21998540036788228,0.593028770979901,U12,U10,6.869416582824479,8.502204511943038,SSPG,CPG,2.4219999999999997,0.6860518146219861,0.0645381102968176,137.49742918898215,289.1440347207354
7a2e21f2,-0.40557193129321767,1.1363591067461685,1.710271323459439,True,43.12247836353006,1391.8654214000073,424.9125568777718,0.3385365021560105,0.22735238105354683,0.5139133934502755,U8,U10,4.619107105451333,17.85353195779343,CPG,WPG,1.6789999999999998,0.6202626350979015,0.09773432466096266,71.12342565842401,263.6313553324471
605a197c,0.019197207776915748,1.1139152824844358,1.6866591884365834,True,67.31749935075678,1843.9982635024917,478.79424694200947,0.34499799616243254,0.21968644296349277,0.9058664684743111,U12,U8,8.774653724965331,21.878427223950297,CPG,WPG,2.467,0.7213205008065957,0.04090066574419488,325.88755631281634,446.2756111993389
85cc1e48,-0.8011649404671254,2.624609097934096,3.2150976715480386,True,113.23294383113137,4210.907417583102,600.5710808687576,0.32058772698413884,0.2623901839580702,0.7577405775707348,U8,U12,11.587736979428154,11.868635509113616,CPG,CPG,2.499,0.5517175353714386,0.04469067280636757,136.09832961768456,471.54079522297275
1053120a,-0.6702226595373842,1.3991924487314509,1.9277494356230767,True,43.747985946271115,1919.810086751646,358.32599544974784,0.32186434420879684,0.19726657011246673,0.6412401159186342,U8,U8,6.818772578245866,20.12659602320726,CPG,WPG,1.455,0.6663432872212025,0.06470579034749291,315.51917419930317,364.3819956308013
5a0325af,-0.7413420585561958,1.5794597788454023,2.092934589385177,True,49.93451468594711,2147.833649596934,341.79517065687384,0.2628718281685771,0.24071045073840738,0.2510192587915897,U10,U8,8.356952714108138,17.59307148130928,CPG,WPG,1.782,0.6167326020637508,0.05429226112672094,192.67232246562546,567.3316313100554
0436ed5a,-0.6605960239096037,2.350985098347112,2.9265692496573066,True,104.74927162916723,3593.189095661962,538.1685688540551,0.3070929162569528,0.2605196108669594,0.9458132053108536,U10,U10,9.15890132514475,23.96847901114658,CPG,WPG,2.383,0.5306999392283198,0.05080789725801388,164.9726757917975,373.1256242980652
e8a716c7,-0.2956526737044997,1.0334809734817116,1.654869274109299,True,43.65855331848079,1264.2507087063307,397.4377319023586,0.31168617140984134,0.30314712820622786,0.48592254140047564,U10,U8,4.081678048080867,18.88039150037065,CPG,WPG,1.659,0.6944686722202752,0.05389816790300755,63.20587691755672,309.06955948374394
42957f90,-0.2890066654974322,1.1071360953521494,1.6998277353560847,True,48.398628656981145,1356.8181789290704,432.5955146629795,0.34805200210024967,0.23719711130586918,0.5776089820529438,U10,U8,9.151175324829271,18.535435216856996,CPG,WPG,1.843,0.6373473679894993,0.1041336530048497,404.97615415195395,333.2726660650428
9b4ba364,-0.17996233722802402,1.065774481471618,1.72157098993373,True,54.14080961623959,1478.9528373354838,413.8026612562278,0.347886627187108,0.30241905163981175,0.9425340443056299,U8,U8,8.255977741550335,14.563617762911134,CPG,CPG,1.474,0.6416920718514691,0.04043357792018856,308.12821234033817,387.2398518846038
152d654a,0.09446384352099693,0.23158815724989157,0.7522012596613457,True,15.353466718059234,3027.7609070100157,605.6700405452757,0.34088150849415116,0.1700598341980695,0.25015517497439,U8,U10,6.086990608953034,24.562218626740272,SSPG,WPG,1.915,0.5546265267901407,0.14777455853811658,58.734727406462554,614.9756991511774
0f952b8a,-0.8468590631102706,1.8529246827865207,2.3959713877234576,True,61.437707978416675,2619.4089320286507,336.3784687935867,0.2984278178442422,0.2356409501319815,0.4601049687518289,U8,U10,4.408575724649475,13.791483626780876,CPG,CPG,1.69,0.5131923091550106,0.042076185696582245,77.40068215485563,360.5339839444046
71a5f5ce,-0.49670368153545563,1.6310169607482274,2.2163880895381523,True,70.3642186141848,2437.267555172035,369.12738165651183,0.3349348936749114,0.24276730095387702,1.3391205223178368,U8,U8,8.628505438469926,24.890591721055173,CPG,WPG,1.577,0.5432886603732008,0.06627748276285876,279.92720710832725,563.7824074706168
e74e6f51,-0.21019721106788253,1.294963827919745,1.8820690385139016,True,65.84110779012417,2239.162555176319,333.56433793650797,0.3476970815482978,0.23179282628072953,1.4681224494066614,U10,U10,4.013360118183098,13.344544586952964,CPG,CPG,1.943,0.523888752672927,0.09640393527758839,85.48469128230025,520.6497780038615
242c4875,-0.9009884204958682,2.0235903210442814,2.6123181453522424,True,68.93346003656087,2800.7407277133098,374.68229083737873,0.32362331146949963,0.257539394002625,0.3860450160592623,U10,U8,4.069067753651618,23.111227556035324,CPG,WPG,1.772,0.5188930038167568,0.0900359912314761,234.06340120275135,410.70332544700364
3f7109f0,-0.8629851769168143,1.9047457506266514,2.414358927145246,True,63.02403824732247,1914.9140278852485,330.4670536369882,0.28714148755294333,0.21245972535282423,0.2588283508162976,U10,U8,14.6387397891982,19.43792835601578,CPG,WPG,1.928,0.5425064344969805,0.040232450611466325,170.33417771497025,341.3316789527593
40ff61a9,-0.5664705032953903,1.4562904132787993,2.0424006827703947,True,53.767993998893935,1600.2753334987335,242.1858071085776,0.339366562759332,0.23909763259282815,0.6057965282165368,U10,U8,5.022861644921098,16.38164727018105,SSPG,CPG,1.666,0.5000394702105728,0.1328718321367541,58.47995688309196,359.83571561467204
324c7b7f,-0.5700191804981825,1.8300689979750544,2.382066750888322,True,77.23998783179147,2517.848602131706,395.5855187487856,0.2929938985922089,0.250302753895696,0.9231632071629474,U10,U10,5.880092479918991,19.30812409790846,SSPG,WPG,2.029,0.501315389530415,0.04003127997592402,30.017311875618734,354.67223538297304
4e91733d,-0.0324146101448356,0.3679299838647966,0.9406818959559571,True,16.2343582479974,501.5955633338307,344.981327359358,0.32257722036276165,0.24211547251472337,0.2994286119650477,U10,U10,4.041729658568997,8.703286800252307,CPG,CPG,1.8399999999999999,0.6788004300418372,0.1548863196007779,97.99084790888088,441.3191265375235
b6fad6bf,-0.08317973264397852,1.2490900394868587,1.800258069404367,True,68.20068712285868,2218.6193599799226,600.0602028433399,0.3194229263637901,0.2230183415924041,1.1529799351261703,U12,U10,9.17103176842889,24.968920009928453,CPG,WPG,2.858,0.5869373366376526,0.11229656502992233,62.86339941229012,450.05482668021796
464655ee,-0.3156353571023953,1.1704413324593053,1.688004014203574,True,50.947065023793996,1486.831760891956,456.74400019028974,0.29597907968755266,0.21181749943025008,0.9967676633533374,U8,U10,13.754074083075368,9.576613732005747,CPG,CPG,1.812,0.6129265785704925,0.05708978034167641,317.96761013147506,421.57142337188156
bd5a3512,-0.7434363626087703,2.022743450596103,2.6145928734938875,True,77.17047253248883,2492.1650889225893,407.09081982274006,0.3381845302888541,0.24619631805937747,0.28316201726681545,U10,U10,11.430822828250637,24.905028350645342,CPG,WPG,2.4349999999999996,0.5043432139925015,0.11296498265437971,174.88663783757244,386.4374052042299
7c8caf25,-0.5655812440735185,1.6868159646435392,2.239392334849315,True,68.45898137133472,2030.5278188903753,363.4753755314256,0.3112968663526062,0.23259629880798743,0.886261441691656,U10,U8,9.582785519069759,21.48909697920948,CPG,WPG,1.887,0.5423285092011892,0.10124980534573999,321.65741990489755,493.7339275308196
37306195,-0.7538545462071535,1.90422299644288,2.509860980389275,True,70.89789668238177,2754.19831074707,359.26422866401106,0.34996624738294574,0.24862961235560554,0.7242707592122093,U10,U8,4.106176987558725,24.230775702441154,CPG,WPG,1.738,0.5085454134523607,0.04732062152529301,185.78951221106252,331.37100573166504
cc12e200,-0.13034860556511163,0.8637080491943329,1.358096777490064,True,40.70062957528142,1553.1602261758615,491.5316552588191,0.30331502324976944,0.18059088220974728,0.3066571990005786,U10,U10,10.611839122577067,23.17557258648133,CPG,WPG,2.457,0.5933972162175177,0.0971633083437177,363.4071103088793,331.8462033986177
7128d5f0,-0.8037004389096369,2.4217185626089277,3.078126082624772,True,99.70454157995272,3622.6429008838395,458.0606889518312,0.3494469862350557,0.3014886014101449,0.3104176382805883,U10,U10,13.374922076423855,22.526392241166494,CPG,WPG,2.449,0.500102468297868,0.059356204536798754,30.393611552471313,551.952989552828
57076eda,-1.1079392429329087,2.8337706967013085,3.4238733649589186,True,108.00543025122666,4101.221541705132,568.8359056791351,0.3321595913369849,0.25042047903168496,0.6449476394949527,U10,MN8014,5.693267322949789,18.182241491531876,SSPG,WPG,2.115,0.5000694807273018,0.04111742701220335,267.8857312449752,273.8030559175637
90222c16,-1.0706189010750506,1.971296794720802,2.5317877874519876,True,55.61185957638343,2052.2753075942614,260.9719857448282,0.3087844270777582,0.2432681427482063,0.2862714200568972,U8,U8,5.73882950300137,17.77717681141414,SSPG,WPG,1.33,0.512751331581496,0.07318670104442693,87.42042760375426,533.2986791158664
9cde42ee,-0.58635581217017,2.0917566694921232,2.678463036536908,True,91.26339048813023,3641.5436413395514,619.1320689562267,0.334129420345015,0.24494930856713426,0.5271740774885314,U12,U10,6.3085301066349295,24.533576940606398,SSPG,WPG,2.729,0.6207120212830314,0.04019362200814477,585.7473141937041,251.22962883630746
6b1e7335,-0.8757348987365066,3.2602116226225495,3.8571930668870875,True,148.77844825906953,5505.699825408644,770.1587702096685,0.344549784764028,0.24512180726126886,0.510940869927456,U10,U12,4.8814413367536185,17.162637772363915,CPG,CPG,3.056,0.5171371464445216,0.06001647921332466,279.6918172149494,281.71862467908124
e13546c1,-0.6752884997217162,2.5351201215794177,3.1050231197381324,True,114.4654414571801,3294.54108109578,597.4931296351783,0.3283622320571315,0.2333934361477289,0.5300263076422396,U10,U12,4.101462158293699,20.31923383092078,CPG,WPG,2.857,0.5274403407354372,0.04694478419581282,110.25844868365324,134.2097628880938
77cc1235,-1.1839379369830594,3.5310267972382787,4.087056637861927,True,146.45259068368128,6998.1267768555135,944.2816379985068,0.302712501897648,0.24474094204425764,0.27544999854816404,U10,U12,7.549986186281693,19.10201863933073,CPG,WPG,3.0060000000000002,0.5743185953823846,0.04222822427109798,176.75164096394624,416.8785346939551
3c11ffbd,-1.2089473304592255,3.4710842744088732,4.077077132675609,True,141.29246292997652,6302.610806121946,847.1534613861397,0.3319062404843617,0.2670554690689742,0.27489294011674503,U10,U12,6.146265819432443,19.6642807020176,SSPG,WPG,2.8549999999999995,0.586574561938264,0.04740010273912476,272.43531227085316,350.93499234585653
64a67173,-0.5804346539630658,1.6593113128130599,2.283821736773546,True,66.14177725666627,2964.9241931508573,422.8704657547812,0.3199428454912833,0.2981091379731352,0.8418280357113453,U10,U8,5.693525700500641,24.528431383943442,SSPG,WPG,1.7349999999999999,0.6044794153732828,0.05306017588510659,331.05635025601333,451.8978344672476
3fc72051,-0.5886573493253209,1.7952392230910186,2.3587266245136984,True,72.74212491771318,2525.394430331672,410.5086087630147,0.3498694840546417,0.20527216689657463,0.6501030126135363,U10,VT8020,6.014606408757272,14.87868421154136,SSPG,CPG,2.309,0.5796594253652672,0.04277891803214213,124.01218336469536,476.7958137699996
b8dc8791,-1.2100775557964192,2.7443761124613193,3.2948020870016568,True,94.97323711099335,3848.2973087591545,527.3994248975829,0.3246027960431207,0.21707346636959848,0.343113571794686,U10,MN8014,7.516237520694338,15.656805709901969,CPG,CPG,2.194,0.538680797586099,0.042487857339374255,70.68629019680259,394.25292140423
655116d6,-1.1856691819016933,3.6021837092642595,4.220595678794782,True,151.59430182417108,6090.865804387383,807.2199627955408,0.32340893846362323,0.2883559785781521,0.39355770290628356,U10,U12,5.399669046002687,20.272419196904103,SSPG,WPG,2.852,0.5440652697834935,0.07514549819359735,276.964633774311,483.03786921988825
2586a7b9,-0.2582287234544724,1.281259168475408,1.832852721628699,True,61.83869633472904,1782.7032646360278,366.83581838171347,0.3488093133377052,0.1940706383667184,1.516794887784545,U10,MN8014,7.906904072010009,9.117542228829102,CPG,CPG,1.9089999999999998,0.5652866731344459,0.11647781676745966,602.1393104186834,155.63228125052763
2c0c6a54,-0.7122692113413673,1.8327075006569797,2.395173465373021,True,68.95255262104084,2662.9710702698058,386.52007949450456,0.2873659667500146,0.2667226566685844,0.7011421460588518,U10,MAD_M6C12,6.467009201124127,19.136635957045307,CPG,WPG,1.7229999999999999,0.5001331595010334,0.04123823839658389,402.98817411676634,378.7070528879255
4fe50fa2,-0.656932799868792,2.352929219947553,2.870937844910084,True,104.64642800525074,3885.7450548013458,599.4876974547662,0.3114828192070914,0.19677349518727047,0.9831856712141217,VT8020,MN8014,11.425897996083156,15.239117699933033,CPG,CPG,2.526,0.5414579801196355,0.059518914728533906,209.84068103105602,539.7211725865985
82254223,-0.4170864039182023,1.2889205173961513,1.8200673882678076,True,51.80227423186327,2353.7512084197456,581.7878059681793,0.31989385071323556,0.20190704709259577,0.640910769929146,U8,MN8014,8.299209809113677,19.567196569076767,CPG,WPG,1.896,0.6439568397012028,0.07319999803159535,352.3366716304627,476.4756646218272
428949d1,-0.5796468725568076,1.6871558515045828,2.2362620555158133,True,65.48059859651835,2338.3591304492325,423.3483100443724,0.3033500419717951,0.2369656322665868,0.26065662617618035,VT8020,VT8020,4.971977813155852,16.146512404117047,SSPG,WPG,2.5060000000000002,0.5786740761704577,0.0476321662918717,229.43201666714063,178.87237577453433
3ed7848e,-1.2259662283924555,3.0556622632277977,3.7160868180882303,True,114.49640232235615,5331.982802744041,587.8168021037251,0.3278322969541988,0.32724456372665967,0.29820128013820657,U10,MN8014,9.264648773279205,17.39174679818028,CPG,WPG,2.245,0.5155906218468057,0.051153473908799874,278.89865529458064,452.64288212412583
5ce0cdc4,-1.0052721253773065,2.188236634423797,2.8133093179696456,True,73.0076339364327,2900.226174687689,384.2346377075214,0.33482662022692383,0.2838050122945697,0.34907237611899244,U8,U10,6.105122557805222,15.666365206481167,SSPG,CPG,1.7570000000000001,0.5021844128660784,0.051530415069884636,279.9811367826153,301.32535424995206
5ea4109a,-1.4444494477947307,3.046462761681183,3.5370052287714637,True,99.85755425909683,5127.531974196652,562.4648599911342,0.27396677015055243,0.20597391757138628,0.33815996657271097,U8,U10,12.020321563698058,23.18887891964517,CPG,WPG,2.083,0.5119878466488167,0.045518635688691904,127.14034653771546,592.9042423406357
e38c576c,-1.155973309242252,2.8564134604947826,3.4605793609643025,True,105.78601008350205,4333.8972859261685,617.2068417056141,0.31753370267738423,0.27954454522933714,0.442211322438798,U8,MN8014,10.647135565251673,24.850570467526026,CPG,WPG,2.273,0.5863371328362711,0.041413789274424066,30.41672708311876,352.45402885229646
e194098b,-1.0950580271283497,2.2397652522500198,2.8762622115249274,True,70.82381500811135,2629.9259405766607,347.2995848338859,0.3400892318990501,0.29032000446683415,0.26182029236022525,U8,U8,11.680462069197413,24.94499674445168,CPG,WPG,1.647,0.5486847979026477,0.07299459411484563,194.95998692917442,428.2845408239673
b1bdc634,-1.311177916999369,2.901843897908545,3.4983455986819356,True,99.10106539394506,3846.682800666589,494.27696102515523,0.3442911652896311,0.24488584581695721,0.33739340482152935,U8,U10,11.179880973415143,24.891684457178492,CPG,WPG,2.083,0.5066966882398591,0.04066531908053641,207.1507987768932,608.661159083907
cd187c32,-1.9245455019299722,3.8492786887187127,4.367106641898573,True,121.2722124525827,6448.07852212993,780.039576923889,0.2769729153586784,0.2310971394659199,0.25004815631800065,U8,MN8014,10.83329135240658,21.65216408747818,CPG,WPG,2.113,0.5413401824970451,0.04926802830632546,261.0154013952555,492.5866941329955
dddcaea4,-1.6143358667468115,4.126507661898624,4.690373130366041,True,158.36145301012084,7065.801578485293,660.1553578932622,0.32676215943301556,0.22876925135813592,0.2526225481010584,U8,U12,9.010018639471998,20.536825589509053,CPG,WPG,2.735,0.5010070751177478,0.06874759633837763,335.72073439249436,566.7705524107212
80e2ee8a,-0.9717941684840297,3.041981612601407,3.5729509043732275,True,129.59582960782518,6383.1928963358505,881.219331734876,0.2699867197263964,0.2516311068424906,0.826272533727216,U8,U12,4.750300688431199,15.564647394331782,CPG,CPG,2.5250000000000004,0.5779513163301906,0.041819266417258416,154.38658302396152,638.7447759318596
c2e5b44d,-0.6400688789833183,2.0376217924313043,2.626367992884139,True,87.00019422986573,2826.0376426809794,428.8312528208037,0.3066967056402934,0.27448494431108256,1.2196708280754263,U8,U10,7.528102989034806,20.224895555223686,CPG,WPG,1.851,0.5075050827642595,0.060690563371560424,119.31649878830373,446.0146978369943
b80a5f61,-1.0372342331222628,2.095873339769282,2.6273502515371394,True,65.29927377646796,2629.2185159488918,338.1313837416463,0.2992822200173251,0.22285892613510477,0.43953682971127994,U8,U8,12.340069376392023,19.871957067273037,CPG,WPG,1.583,0.5096005863767628,0.05904006990076417,220.60109393206574,480.9740770096262
2841a332,-1.2842996437598173,3.253117902018371,3.808842369664042,True,124.73455055057025,6125.46557888986,650.1807569277381,0.2527102444471444,0.2944283819916914,0.763019146355113,U8,MN8014,12.159403439648429,18.632479809435083,CPG,WPG,1.956,0.5014351269847941,0.053997478091877577,168.9020004487802,763.9565804515556
011b5ac0,-0.4420825190566594,1.52361761871891,2.0681585288624733,True,63.38233997748338,2356.354837829136,418.16524001623236,0.3286624137192513,0.20694677199576214,0.3461396446913033,U10,VT8020,11.010264546428044,20.578601236977917,CPG,WPG,2.616,0.5482716028646595,0.10710592650794981,149.7522213648627,740.3108709882392
ae1172a6,-1.7558697880096166,3.751489795196946,4.292029898545273,True,125.89800047915529,6070.401762265202,748.1005491460465,0.28807771362788953,0.24340692899925193,0.3867650583049609,U8,MN8014,11.967212356968956,22.62588379433409,CPG,WPG,2.143,0.5305764912266664,0.04892096919094964,204.14493368237825,373.0550386890721
01cbe1b7,-1.0541730041306197,2.6621954170660276,3.2405406284923557,True,99.62816086236053,5626.636022115818,828.8414743467622,0.3481156367507169,0.2223433441011676,0.5170080317086108,U10,MN8014,4.706595923180674,23.555080483220777,CPG,WPG,2.2720000000000002,0.6771582732857302,0.040750491598072064,294.07729393480474,608.5518049698717
067df9bc,-0.09779380804815749,1.1339943238427603,1.6751593998664227,True,59.52336771964019,1837.7977970433021,548.7283302724469,0.3445320926785257,0.18759685167576545,0.2885602950107026,U8,U12,8.215152761415114,24.58053385171437,CPG,WPG,2.867,0.5967815872798559,0.09331541921834711,138.01776350125158,310.95780038351535
40ea82f9,-0.7826468668480484,3.4404926589352964,4.001399356081753,True,166.2963861391499,8111.567078230124,1116.8403560756324,0.3155134095775889,0.23696772150123196,0.6830612332813653,U10,U12,11.53686831252117,21.170285121736637,CPG,WPG,3.268,0.5962567522976144,0.056219709396127616,345.9492860216551,658.5950849490018
ba2b7ef2,-0.8844389092656864,2.4236101314743914,2.971106604022835,True,94.24808148058034,3532.765609796101,517.8568704550005,0.29674082627017384,0.2419153309962628,0.2500821789966366,U10,VT8020,8.267223096651009,17.61349071469246,CPG,WPG,2.5090000000000003,0.5030152155679329,0.040106624617556756,387.5804874879739,675.3130404240952
ca5d0bbb,-1.442851411238875,4.358254095792303,4.966365416638591,True,184.3501789702285,8446.848602390051,1009.022503988838,0.29111179977710755,0.3100338918170037,0.36166150337239034,U10,U12,7.565350755592027,22.235834149316638,CPG,WPG,3.003,0.5230637732819792,0.05763778092988513,310.18679694066634,624.9045750206247
6b655f18,-1.481957812905727,3.0266209308921708,3.6101278825445657,True,96.62754119909626,3691.654187086289,467.8680078689448,0.2918037682090575,0.2839765943191847,0.26051727963545346,U8,MN8014,10.796673159683083,17.971729329647548,CPG,WPG,1.905,0.5036053682752711,0.08220005789277154,204.52801911986288,659.9957479470096
b00f21c6,-0.9999271891445636,2.454758198319785,3.0078499545724218,True,90.31206727834811,3511.788266179238,414.1641042970184,0.2764642122698848,0.2679602787122149,0.5080004460152272,U8,U10,18.464274444988853,17.766533048848203,WPG,WPG,2.003,0.5116768617745552,0.06602901554802934,152.58386305865878,516.1479089008708
0f17713f,-1.12183331074931,2.6246021966573583,3.222688824156623,True,93.13125906053656,3786.0557275841425,463.64152243560176,0.29570712658915765,0.2951038295956515,0.34168929957777994,U8,VT8020,6.989996843234371,19.003100402815498,CPG,WPG,2.1159999999999997,0.5003206885010364,0.05789865357802666,363.296899993088,464.2445478160491
bc0ae44a,-0.8429482823311745,2.239951366230461,2.834070712420314,True,85.57353892661912,2506.562801406961,402.8078171962882,0.27286321259415014,0.31385776285930655,0.3171537581584937,U10,U10,11.215713009616607,19.518420859728216,CPG,WPG,2.268,0.5289689928367777,0.0928256777829185,234.99886151676694,417.36166031371806
d2f6b599,-0.7992586926191865,3.745109422739409,4.277095614500851,True,185.13338200801485,8857.977612540195,1085.1428155935732,0.2718797779671532,0.25078639910649836,0.6846593645738196,U10,U12,13.052068748901656,24.93783180468781,CPG,WPG,3.377,0.5577336743281915,0.04042452754652544,232.73271167414637,543.9932087148002
08d738ed,-1.8327104219397303,4.963899641113318,5.5700880202852225,True,199.1426146115725,9031.580748485998,1010.7734426829173,0.34896870229641563,0.25019457520039323,0.29384360697241463,U8,U12,15.424485713338985,24.254691985144362,CPG,WPG,2.8810000000000002,0.5041649726723376,0.0472237808633194,35.24910853945798,529.486056238675
bdba7a15,-0.7857058882758351,2.9404584469373503,3.4458526835541217,True,133.85350391076767,6834.1506592030755,914.2481665939627,0.27338141385926973,0.22187037646729862,0.5530563405203034,U8,U12,13.29215913366534,24.60736281884526,CPG,WPG,2.939,0.5766614132957815,0.05560784295171847,360.3059026887602,607.7906668287892
fb958d15,-1.1041438404498871,3.4360154123316526,4.017108227574473,True,146.19477145878437,7015.754336533344,734.0280273726722,0.3032357005011197,0.27005586160488104,0.49625885406640396,U8,U12,4.525930052217369,23.544433577943344,CPG,WPG,2.779,0.5774840589271388,0.06389216054067227,183.47445705060855,735.6181273274394
936a9c69,-1.0716849209935937,3.3018522986907897,3.8692560831734406,True,138.75449184647974,5902.4167644439785,807.9097461527958,0.32603355627880815,0.23314560298165704,0.32742274084269485,U8,U12,20.230149810674938,17.286533216307248,WPG,CPG,2.9770000000000003,0.5483279629824339,0.06984808543073466,36.85042207322001,611.7589678291607
3391437b,-0.9810942638508449,2.607947862844417,3.2132057463983448,True,100.44690659957148,3406.684800350983,474.2904485108385,0.33163951110209017,0.26656449256175274,0.27300849773497765,U10,U10,14.23403902792659,22.997902192449523,CPG,WPG,2.403,0.5370338514144385,0.04463806678168096,220.55823240807638,470.01546009679896
fdc90c8b,-0.7674009582559853,3.3027697070575015,3.8874119686789337,True,159.46458325343443,6394.085931519711,883.5147930610199,0.325091720291604,0.25185906488513016,0.9969323567408107,U10,U12,5.544687683932995,18.314841310821777,SSPG,WPG,2.868,0.5307744560920383,0.05173185740445274,294.92873652495547,415.72535740959194
e1e31c71,-1.2617467796917918,3.0118942204411043,3.5725055781504036,True,108.82649604995417,4491.996056048181,580.5414397238004,0.32074798601981597,0.23142867141245152,0.25431522626539366,U10,MN8014,14.495149342273162,19.592423071277167,CPG,WPG,2.355,0.5041225661381319,0.07132729734974039,30.573121713530142,544.9380809385058
2223060a,-1.8029006650273582,4.474360980389097,5.036147133481667,True,169.03068769078257,8652.148242077817,1040.3597882410943,0.29357311121424956,0.25981467547912185,0.25050706984160886,U8,U12,9.953365063913711,22.430975814913474,CPG,WPG,2.72,0.551365772018929,0.04057701936437634,251.41356125789537,469.51804979502634
4d2dd575,-1.8586413722810686,3.8931470779141515,4.5139235354351905,True,128.58038037553885,5469.3378507139605,625.5958213279948,0.34282900462721916,0.27137352889962535,0.2524020294796112,U8,MN8014,14.686137327664976,22.65529375741812,CPG,WPG,2.116,0.5051958003399897,0.04273384216980739,32.16923784050704,691.9455703701143
e348d325,-1.6923455649137855,4.950588290212175,5.557792166548385,True,206.78951501989263,9602.948347923206,1075.440658085445,0.34438295258858986,0.2558272292013169,0.30828173696346606,U8,U12,18.061700713179746,23.94702163591952,WPG,WPG,3.128,0.51214743790755,0.04013190935467141,40.0684135452871,705.36788972504
dff33403,-1.179093768609738,3.313191268721434,3.922746121324306,True,133.83983334077973,5742.659998469866,725.8984446360189,0.3491180427532584,0.2535158259094958,0.487663702516254,U10,MN8014,10.471347158599038,23.876354516907114,CPG,WPG,2.5300000000000002,0.5439255497583086,0.059398601930917505,53.715019907743326,578.6694585894159
0285e1bd,-0.47242742042312125,2.2253197315729856,2.767173567971005,True,106.36948740999095,4821.285553886304,803.9729497386735,0.28930008207923863,0.24353892451665776,0.34821162288063223,U10,U12,8.752887008520222,24.00798286340802,CPG,WPG,3.1470000000000002,0.5578067847494363,0.07710567873358834,170.23740519826794,677.6613241055326
a47711e9,-0.8165578782789777,2.649821650870537,3.238870652048006,True,112.44425150610394,4241.614966250442,581.8752088296455,0.33709480995266794,0.24439900569420764,0.250681004631398,U10,VT8020,19.678573051723305,24.577771700240266,WPG,WPG,2.932,0.5025133659185641,0.04665841109119857,38.02825144859172,566.7233519450273
3994637b,-1.4964491144251806,3.356728899119104,4.004261578136003,True,116.99865231292823,5675.091216350964,694.5387057055996,0.34283336180719054,0.29895290522053986,0.29389396065655915,U8,MN8014,11.135325910368365,24.750852919998174,CPG,WPG,2.106,0.6178650863770542,0.04200300806207326,237.61205447726846,640.311891535444
3c77e25f,-1.2212429495216632,4.387727676835148,4.986209084000266,True,200.70898182089897,8395.99471919164,1018.2507126966775,0.3407944015719086,0.2504235439591409,0.595978177482756,U8,U12,20.527959660559674,23.439350209529998,WPG,WPG,3.117,0.5035784546215837,0.056664909411221064,42.05346874667974,507.48744497147965
2314a7e4,-1.4899360213395483,3.4343192650668057,4.017003994226166,True,121.98554958181717,4970.471920346456,634.9319916055797,0.3042806451963922,0.2706520652771752,0.3788674433990005,U8,MN8014,17.972713889396893,24.337958501059887,WPG,WPG,2.292,0.5000000006365684,0.08133317735865592,85.10836668236787,608.4306760383912
ae5c783a,-1.0521445214877236,2.779901848445655,3.316735078804553,True,106.98048846386207,4509.390853648173,601.3618684397785,0.28674251049111443,0.24092061359022404,0.4079773653944644,U8,VT8020,15.953513234437013,23.90312905400819,CPG,WPG,2.4610000000000003,0.5200067002697019,0.05341605747191518,30.978140933998105,553.410203510143
affbabc3,-1.1792262917757335,2.6336663767768442,3.270415133061245,True,89.84933900007405,3757.865437117156,544.4575029299822,0.34990532022364507,0.2807635006881081,0.25738021151257984,U8,MN8014,18.665357211341842,24.706073492313966,WPG,WPG,2.134,0.5773638010898726,0.08578737316990652,86.9971796621765,759.752884792602
50b604e2,-1.213063566034559,2.887079805538377,3.4695163962009947,True,104.30108263358787,4566.123908150059,644.9102778697286,0.3160998952930687,0.25857700229725905,0.47608777212875925,U8,MN8014,15.702909879932665,23.287400163789734,CPG,WPG,2.19,0.5867176660297058,0.06691251239409741,81.63592334409178,512.0966943706466
f64b68c1,-0.9360680413088626,2.392432675829441,3.037541269019956,True,89.42764230137192,3526.5698085406248,511.5827453472201,0.33531170547525135,0.30397550399950635,0.2762890944380323,U8,VT8020,14.345695177870386,22.726909245506917,CPG,WPG,2.299,0.6404950782911908,0.04712323418841368,178.10946447026186,550.9231127423149
861df8e2,-1.6463859432255186,4.452483958068795,5.0916373526840975,True,177.2565343228851,7859.248179786327,933.002848535816,0.3494787545545645,0.2836690749457471,0.250005925706927,U8,U12,14.542880887477718,21.82034096968602,CPG,WPG,2.9450000000000003,0.546275130295308,0.04131219834061147,60.50212678384584,625.8265438717673
fb45d9e2,-1.0331699619380068,3.0972771370434242,3.7253667793491467,True,129.76714500702784,5365.276104347467,718.5237374405422,0.2846846000523347,0.3370572992319152,0.6623725825438136,U8,MN8014,15.973452537010344,24.89229468438123,CPG,WPG,2.3520000000000003,0.585199519020702,0.048526979599016,229.5592740196384,511.060538084952
f8460745,-1.03568993203413,2.5738911422955537,3.150218028055041,True,94.78341401742826,3679.578912934729,511.4286888543232,0.286050748410113,0.28232748433162674,0.25196492688492006,U8,VT8020,11.550831270519037,22.293303040230604,CPG,WPG,2.3289999999999997,0.5612210770221354,0.062065022435729825,102.0062121047398,407.36732080178905
ae59cf7f,-0.7412256091431659,2.9229293965188914,3.5096499966479358,True,137.68025249171504,5062.715805974726,683.9940794317015,0.3241430129071711,0.25495038928771996,1.2559330720594142,U10,MN8014,8.381804624859555,23.025144142327374,CPG,WPG,2.33,0.5005658559621552,0.043327000314361104,83.61584130125328,691.3366686899133
acc04887,-0.019520151395030966,1.2477692403330694,1.8390107963237357,True,72.23660592920255,2437.6306167574594,699.5969949648411,0.31620254763348876,0.2675516338001879,0.6287867605476327,U8,U12,22.410241805820593,22.437050360347648,WPG,WPG,2.894,0.6230020946562669,0.09664485228157624,91.53149631665315,555.9936526612262
08be1b28,-0.6344308330026578,2.490024487232307,3.1505958279495703,True,114.97957694864328,3669.1572078433396,459.14773116597746,0.349900407924159,0.3053277783822981,0.5621833706755939,U10,VT8020,14.904953309122893,19.395888639418693,CPG,WPG,2.6180000000000003,0.5001281007629625,0.05697398682856107,212.58163894835218,553.656707574611
9cea00c9,-1.9041780778845336,3.903796430920149,4.500362647049792,True,126.39122353570771,6022.146117090279,708.4209824537515,0.3499991928440188,0.23924432893911865,0.28444045030523646,U8,MN8014,17.455563888373398,24.742608080649884,WPG,WPG,2.075,0.558548976849016,0.04453294370676992,31.587509752620782,618.2848524215601
47686a77,-1.1653673744881008,2.6493440407631406,3.2606585277408064,True,92.00511108500265,4126.955454445866,534.8639309300218,0.34495385811950663,0.2594940665997364,0.30988924602653833,U8,MN8014,17.646490338747668,17.530925690595687,WPG,CPG,2.0780000000000003,0.588786281302711,0.04039854367139559,32.01618015659932,620.2405908582739
a9eb9b8c,-1.7007635656890767,3.6359971425960778,4.2388045682886855,True,121.93223846046675,5461.8989427291135,627.4512594208857,0.3499999747140707,0.2456777837319168,0.2597206216265466,U8,MN8014,17.800871746437252,22.982252685868204,WPG,WPG,2.125,0.531589955300509,0.040696033305282486,33.05135484258698,572.52727543856
ed6382c7,-1.36856303627937,3.939492862072692,4.557577788757449,True,161.97865505288814,7023.958533546862,831.4847160241935,0.3487221716722059,0.26270558779661585,0.3347169139576038,U8,U12,18.093783204523888,18.072241284990056,WPG,WPG,2.825,0.5083176526547004,0.04000191236759218,47.71992207821051,751.6019213121563
a19ad608,-0.8804008404551171,2.4557056359466074,3.0667616894340517,True,97.33698636609935,4512.479235515319,687.6913466425256,0.34521454591697814,0.25896695252368596,0.6428774771833056,U8,MN8014,15.180282248210577,24.90165019160695,WPG,WPG,2.305,0.6593113021721234,0.04014060281796802,46.288984294698125,545.4306263694201
ad620076,-0.7227704148483677,2.255147225625438,2.859006656233584,True,92.88178738513801,3781.088417456073,570.7640135316472,0.341629110635498,0.2551331889605289,0.2684082644532874,U10,VT8020,14.458710079224693,23.1038487096134,CPG,WPG,2.783,0.6053842380392194,0.045717903984170846,32.13725083928173,559.467018183885
2a2bc4c2,-0.9955907153717465,2.5016740744862003,3.13002507114133,True,92.64889060763026,3543.3691417444734,499.0479326779165,0.34915405173856406,0.27285728501930173,0.2500007315434984,U8,VT8020,21.40103432453935,23.55529679150048,WPG,WPG,2.327,0.5829488253025165,0.05433885475671894,50.19081752000608,415.8896261080168
f5695f6b,-1.1896058818814974,3.291775029829907,3.91198342174071,True,131.2446098632273,5441.968798805927,630.6791184227143,0.34033058230447705,0.2732863165726399,0.2512010030715363,U10,MN8014,11.839359032211064,24.936633967661354,CPG,WPG,2.67,0.5077532238146661,0.04079580265949112,37.65625718019515,734.3912189623635
fca1ba2a,-0.6393657730563623,2.132030591613372,2.707910456624904,True,90.66098790380065,3560.346779078178,547.7298870114585,0.31961862596353846,0.24829876064628847,0.4459443879667801,U10,VT8020,11.583314964701685,22.4367332452345,CPG,WPG,2.6550000000000002,0.578676080084078,0.04063604647543324,31.6354687426871,606.2953798705613
f3881c6a,-1.6406138029256085,4.633845802458482,5.239230486290323,True,189.74879996885824,9149.825160324028,1036.8150218502972,0.32821282771950283,0.27012189788033336,0.2511846512367405,U8,U12,17.32106351361874,23.698257614984982,WPG,WPG,2.94,0.5358519006980955,0.049726469914469114,43.40348431066435,737.930868974588
50139888,-0.8296743802365437,2.6890257817108894,3.2683149491226366,True,114.37676009828971,4369.270630595396,562.2652293062089,0.31995210603807733,0.25148002531423963,0.257937079514014,U10,VT8020,16.43588469006237,23.85194803766803,CPG,WPG,2.874,0.5102962013669206,0.06423820306559397,69.23827653207798,612.056845834751
e8b02052,-1.51548765626055,4.649677402646848,5.227289939237385,True,198.95598309241987,9457.046683818518,1084.8912046131486,0.30430489026288554,0.26539875570673993,0.436815440602215,U8,U12,24.16834303538259,24.800184407059245,WPG,WPG,2.997,0.5244294986610045,0.04401041487269793,47.51396038283004,754.2187662738093
bff3b141,-1.010042239503271,3.021841794678533,3.6004715745836275,True,126.09997034501745,4837.886012626711,626.7899655252174,0.28392321919431196,0.2868291312233111,0.6373107996183122,U10,MN8014,17.72222490351053,22.045379297533405,WPG,WPG,2.4059999999999997,0.5466518614806442,0.044347476282962026,120.8744243898062,716.8970086116782
0c4c3b96,-1.5401655431232197,3.7508031012052987,4.361161277207076,True,139.48917053880527,5765.594835772401,658.5390137189652,0.33421087385807124,0.2692511632571634,0.42263807493954525,U8,MN8014,16.31343509785009,24.939337964305906,WPG,WPG,2.366,0.5027234224517257,0.06334076233158827,111.77082337340829,725.078966405701
104d5141,-1.4174574114492773,3.3482998380060764,3.9552625652391127,True,121.52616177045329,4985.949818307753,596.1897557351429,0.3425028859801574,0.25745868848689024,0.48451143273737896,U8,MN8014,20.31718430379517,20.294414639923716,WPG,WPG,2.159,0.5173822105977762,0.040943735359244865,133.8627322963652,489.7087028867252
0379531b,-1.4370528237721374,3.402233603956556,3.987718297016759,True,123.68205201229459,5156.447820701507,620.7051471518419,0.294857663207177,0.2829616079889081,0.4957051267719699,U8,MN8014,16.48650126015631,21.148214419984935,CPG,WPG,2.199,0.5022431664258173,0.06244663535076065,73.27649280595335,566.0060717242068
c53188eb,-1.0980277749171536,4.487416757977671,5.095860002243544,True,215.2225988707012,9223.629276323305,1085.366306469857,0.34993375270056704,0.25155412798590004,0.6865117277244068,U10,U12,15.68048161554173,24.99892131435796,CPG,WPG,3.221,0.5037332059235893,0.040032997398817716,60.19596791879932,796.3093572278647
7fae1580,-2.117166418264705,5.303846885689003,5.854212973026215,True,202.98869782828655,9941.542718117405,1101.0748963878893,0.29471131076884866,0.24690321225920397,0.25724836232598447,U8,U12,16.059508236160298,24.846686729899794,WPG,WPG,2.837,0.5000959645543679,0.04553156567657272,74.05601889074305,653.3596210514523
5d1fb7c2,-1.3340256613183423,4.463540716210966,5.04407207804103,True,197.5943369928416,8324.284286319582,831.0223926315064,0.34399102242612056,0.22872172172858465,0.27032540318126896,U10,U12,15.48935702868173,24.82512036733756,CPG,WPG,3.3120000000000003,0.5023394478791074,0.05186318691095644,36.87465188217683,471.3886158318167
e4766e99,-1.8476351743975914,5.074702625059266,5.693973282370701,True,205.81116337744498,9428.233691275387,1020.4411268813277,0.3499970925277134,0.2626530696490234,0.31758181201418284,U8,U12,16.906694176424843,24.981749428828387,WPG,WPG,2.798,0.5030460664649736,0.05388214379718609,43.89734891021192,768.282701089156
64b1d33e,-1.9334503809545982,4.029601450143076,4.6516038459766476,True,132.63007127923186,5489.181659843709,604.2282842650758,0.34857804575823825,0.26688834169905173,0.25017161369520513,U8,MN8014,16.946277053476457,22.050072867140955,WPG,WPG,2.1340000000000003,0.5034086488408099,0.04140441170105516,67.52115423283234,794.2999733007107
2129ca4b,-1.6022295509962472,3.54723666138753,4.16809004223146,True,122.49714069275218,4998.153046033751,584.4003704972217,0.34994061234965634,0.2643412235719216,0.25864629312084175,U8,MN8014,18.71383124454514,20.343723891484224,WPG,WPG,2.1510000000000002,0.5356999994285007,0.05240754214624218,157.60294951972816,657.6522007987916
22ffef1c,-1.2507265585781573,3.1917655634043274,3.793256386482346,True,120.63926698841134,4712.749868593686,631.5041564424389,0.33873681833908964,0.2555836178238162,0.250312236511746,U10,MN8014,12.644637060080468,24.459122482255445,CPG,WPG,2.629,0.5047075848476062,0.08839300869550334,30.216024076785548,750.5957275022098
db1d300a,-1.9355409823601037,4.085382417736715,4.693717319024498,True,136.21609569177406,6183.192941693419,676.789320983731,0.34965703309450274,0.25171915380011944,0.29375844093359904,U8,MN8014,13.314205458862796,24.848525014325425,CPG,WPG,2.1319999999999997,0.5143864143007568,0.042083680356404446,33.50943788299,736.3514511726976
93bbb717,-1.6247675584022991,3.631204060228567,4.229523658478439,True,126.28576678841786,5829.822858513982,695.1307314258775,0.3390571805925738,0.25199395162378935,0.25054607326562434,U8,MN8014,20.864138712742477,23.555792409960546,WPG,WPG,2.2430000000000003,0.5489859059496409,0.04002321397198594,30.295541448941663,700.3158626066016
9023f74f,-1.4469186470546649,3.763552240117722,4.356722012293054,True,145.49557287087046,5948.201074256189,711.2854787267745,0.3258205290355349,0.2599215041349109,0.2506273897443585,U10,MN8014,13.939914494625697,24.93038526099475,CPG,WPG,2.684,0.5000009293777744,0.04000849197751696,212.1807863789532,578.7146738186378
92d458e9,-1.6659176708496133,4.592587130147089,5.202247593312803,True,185.6646306198317,8337.0963346885,937.369432547272,0.34961837556592346,0.2531243699657409,0.2885227535739538,U8,U12,17.766604489161715,22.24528805883052,WPG,WPG,2.834,0.5053429971824063,0.04705111236558141,71.4663972140076,625.2004851645096
39b5d64b,-0.49153728536262903,1.858850728819497,2.461630346544214,True,82.19422956379121,3078.5731908492235,579.8492693624036,0.3495898383069961,0.24605925213085666,0.3104235526697162,U8,U12,10.073794033435185,20.240909627791904,CPG,WPG,2.688,0.5006935178088305,0.11280133059726791,37.14824965092824,583.5335949114436
6425e159,-1.5068791389136336,4.829892802805782,5.380645751649247,True,210.43424425947657,10347.93093429053,1220.3883082753493,0.30581451103674007,0.23619883828642046,0.26163934496163743,U10,U12,13.58429705494319,24.070036524667664,CPG,WPG,3.33,0.5344268205693347,0.0407215025022312,244.70167198546199,703.4067930512522
02053487,-0.5461948223590714,2.829762360405359,3.4131011575026506,True,140.42450253641917,5589.495482889211,670.2971813330635,0.28772849926248656,0.2878785080543089,0.3490612374752131,U10,U12,19.45995127066273,23.918854055167696,WPG,WPG,3.544,0.5024732871676946,0.09466947747603924,30.006056338476114,788.0367128307493
ea250ea7,-1.4906496673961602,3.4384147786131884,4.056837038663858,True,122.41434074780189,4959.827004004087,577.2023120612995,0.34543974914549896,0.26633577667993313,0.303984921315002,U8,MN8014,19.931413830238892,21.47694174051181,WPG,WPG,2.231,0.5004995330613491,0.040407365539140656,32.956910721553164,717.4529353917565
e65b24a7,-1.1130754038307817,4.595507758144639,5.161126880635865,True,221.60215695425717,10218.498931705286,1013.2882515111786,0.3430300392271851,0.2143092623101612,0.8306280033732618,U8,U12,15.753307544718748,24.53348806892862,CPG,WPG,3.168,0.5128563805241337,0.06028893826719006,115.91364221512394,662.9359239811765
a8d9ded7,-0.37634280152563493,1.8049372796904948,2.39108655829671,True,85.48296521099066,3408.851150273157,739.2914947838555,0.32338982217897444,0.2551145887552678,0.37993462769122754,U8,U12,13.588178544520906,24.022634149463126,CPG,WPG,2.927,0.5740298071040781,0.0917081562420673,123.12407141175181,596.4711217585566
451fc8ae,-2.0055491959696936,4.197304100509218,4.8173469791619405,True,138.81699363596826,6016.20351058962,673.3816570511617,0.3379354000081502,0.2755108666441412,0.25000662273333224,U8,MN8014,15.800971433068154,23.282954644644356,CPG,WPG,2.19,0.5154874410210208,0.040586914983645556,174.47259571288,592.2860103487324
f27915d4,-1.6796587049750324,5.044358407230443,5.655921268530405,True,213.91331348369403,10093.397209498664,1109.8091996985436,0.3309985373765145,0.2737054433450957,0.27605423994711886,U8,U12,15.208582859017396,24.490430413405235,WPG,WPG,3.12,0.5008252664410319,0.0525181804114162,30.106834174326526,791.6999171813258
aa328282,-1.6282011619369121,3.6476417983751244,4.194384134271004,True,126.67937576254748,5428.33453446099,662.6847480643196,0.313768295131055,0.2241104016688214,0.25429448898122614,U10,MN8014,10.336862383912496,22.342932840832432,CPG,WPG,2.385,0.5000009237461591,0.056605557763782954,65.2273001847494,494.7859978098397
58957cd7,-2.0542318445926004,4.1387536189868825,4.69395333704938,True,131.9447849596188,6328.0148632537375,739.2023116342853,0.325004466593567,0.22159318089354407,0.27141602442723783,U8,MN8014,16.945689347222228,22.31440209623834,WPG,WPG,2.107,0.5310393298998136,0.047503576796195844,377.373284365467,656.5612624396197
886708a1,-1.1826616336397338,2.615881661166007,3.2007146587474167,True,88.94466850175156,4499.305580969077,484.9725205223108,0.34244460353155826,0.2347028166554616,0.30255961965235534,U8,U10,19.953977871773805,21.022394014330132,WPG,WPG,1.981,0.5000722142779677,0.05066971464151654,30.110174980588454,677.0036437265103
49b412f1,-0.9809340617380096,3.901955704219249,4.475782826693089,True,183.65144283208264,8009.857296713974,1018.5218159291558,0.32441590426043776,0.2413852529290879,0.5328975135574632,U10,U12,15.928123738415934,22.08859627070171,CPG,WPG,3.325,0.5162299770168557,0.04036875208082472,33.13889229254848,622.1283724293087
c0701885,-0.8843895354568655,3.4204793705555407,3.9942522946221946,True,157.57265567324504,6921.975407674243,913.7135269719415,0.32623476315950656,0.23951051938343548,0.2813691622431889,U10,U12,17.817738230869445,17.951696731327758,WPG,CPG,3.45,0.5486027826961631,0.05478195747461832,30.22760975378037,628.3996239622705
bb329941,-1.393685811171766,3.6295562671388764,4.2102027356620955,True,141.46803039780735,6227.6434479309755,723.6625452124708,0.3219885319491003,0.25084287889957907,0.615981363009822,U8,MN8014,13.009500613339823,24.36651655750176,CPG,WPG,2.277,0.5075112230558145,0.04318485283394197,90.18878897831107,714.8833916848043
303f1a3d,-1.6156322461533998,4.84840213279438,5.450404282511851,True,205.9346591093987,9402.438401507925,1045.592418494903,0.34253164228344507,0.25231593474487546,0.4988534103511197,U8,U12,18.260095483227865,22.369219027569056,WPG,WPG,2.875,0.5029698646408962,0.040453701615958106,246.9074479669162,705.8851161462254
08126667,-1.4526266408571489,3.090665246199525,3.681456769342987,True,102.53924035615843,4385.055093423008,542.0235190028343,0.3212053404921873,0.26208488955261844,0.28375956746850967,U8,MN8014,11.778955407966906,17.266620335680003,CPG,WPG,1.999,0.5422369857139174,0.04190852023356237,198.52948788624195,463.1935648000356
3f737c22,-1.88611300408802,3.9445003555314906,4.553113214506554,True,130.32249009623138,5568.108996257374,624.9389577568073,0.34704951053168936,0.25461323067971564,0.30245026206193754,U8,MN8014,17.75345688335581,22.770916726728732,WPG,WPG,2.071,0.5156463994001459,0.04339537410843299,142.9059850242876,607.1479390104297
8ee3a287,-1.5628095447663597,3.4504600562218246,4.033830692015507,True,118.55670076369766,4992.4180836604455,588.430534493491,0.3325119689881975,0.24312786172693923,0.25001142097051504,U8,MN8014,15.69712973760512,20.486694117150403,CPG,WPG,2.186,0.5230552160184204,0.04186050257415206,127.0697211890726,754.9464519511355
2f1aacf8,-1.6646233004869329,4.450470427002156,5.013010891708165,True,176.19314176768154,7962.391187714751,836.0259604689917,0.32974045110390404,0.22442497642806436,0.2833158528751156,U8,U12,15.451112331477985,21.287826426185035,CPG,WPG,2.859,0.5038574838049609,0.06516548916838852,310.5535848718718,589.9535801515692
412c8337,-1.509890060553417,4.169248126379037,4.751277021795221,True,168.49053772170797,7523.797942809231,873.8982173070635,0.3041184691054979,0.2701381241070632,0.46378327397908453,U8,U12,15.113274526756852,19.6105537929907,CPG,WPG,2.64,0.520042359665596,0.0401711958797231,77.0719186068317,679.8909053236664
f7038ccc,-1.135315229580062,4.440627229659589,5.040529430731758,True,210.21746667196848,9592.26626784798,1144.1925270343984,0.3411750559791586,0.2515076255385416,0.8416403111546824,U8,U12,17.562271189186376,23.51862420295568,WPG,WPG,3.0410000000000004,0.530613938510962,0.04582857032939535,265.74633069290337,628.5582976958626
c73f84b9,-1.678646232754334,4.374295637804349,4.941546402695212,True,170.14996033666768,8153.197212735314,948.3007264914585,0.3465991033227074,0.21242230378127536,0.25826354558427017,U8,U12,15.6779524205163,17.024106438453188,CPG,CPG,2.8680000000000003,0.5243168659738632,0.05099639245356233,324.5508762790067,755.0699672742368
8831903f,-1.3693011339709502,3.26548109928813,3.8679745566574737,True,118.44533102114534,4646.842486252285,548.7648839664223,0.347426518307582,0.2479275614546279,0.2671672523732679,U10,MN8014,16.947454425653582,18.57242541582352,WPG,WPG,2.39,0.5091050384671912,0.048895717744116836,138.03248080857395,682.5564761248498
dd16258a,-1.4690190275651696,4.178565228926832,4.732740705555453,True,170.75641342411083,8179.804104761617,992.2908771129673,0.337912864077178,0.20762886440593661,0.3320331619229727,U8,U12,15.410026401656072,18.999758795787493,CPG,WPG,2.9640000000000004,0.5292046861960831,0.04651424498917121,71.77330758481068,650.6241626265208
3b1c7f9c,-1.8803785920299494,4.131404930898384,4.704016793223059,True,142.92842259122898,6565.555852845882,745.8709842105495,0.32611098502529406,0.23843732664962863,0.4348783095428515,U8,MN8014,14.70581095305447,23.473163281501684,CPG,WPG,2.1420000000000003,0.5150248368907161,0.040555109032893645,228.32636234490244,602.1559378355743
17752595,-1.7704613908438258,4.036868708145205,4.610242347648882,True,144.17382115342528,6799.809357066568,779.6251403132329,0.2974551003761775,0.2678785485966855,0.5109093147452279,U8,MN8014,13.895366239074074,24.708246621265125,CPG,WPG,2.076,0.5008424341683508,0.040002986552373776,322.86300414361756,684.904823725871
9dadbb26,-1.7840418958879236,4.959730045461385,5.549591996149791,True,202.28587663823077,9736.154676032918,1071.541542465599,0.3353480446706421,0.24698386325554905,0.40314784555855043,U8,U12,14.145217024523815,22.702138024614474,CPG,WPG,2.8280000000000003,0.500042366659159,0.04236343411519621,289.3133305364696,657.16772729016
2a4670dd,-1.3954994486970365,3.8757215281369586,4.469289709037749,True,156.1014719626615,5886.394875910907,759.6830612372464,0.34993112942055365,0.23622163439469435,0.36062102930263296,U8,U12,10.38136196278369,18.74430362954874,CPG,WPG,2.774,0.5001133953200555,0.07206504674942976,32.97614860670472,405.20691918372154
84158ba0,-1.4363027230034255,3.591067819750349,4.2179253513111945,True,136.63767311646157,5589.659872862334,678.6482169030328,0.3457634365178113,0.27470824550367867,0.7681515466561192,U8,MN8014,13.509490815181614,24.707092116014458,CPG,WPG,2.104,0.5213778530329264,0.0485533657809431,117.50181208219522,609.6429505494591
2b040b1a,-1.8827739514662094,4.79042970825323,5.392285905162021,True,184.54038378580137,8377.2892296523,938.9026227285979,0.3375191962997907,0.25717791391545747,0.25392680184241867,U8,U12,14.616900775122058,20.207503283805142,CPG,WPG,2.791,0.5013240676277481,0.06861373079309466,307.5066095818158,725.07409027663
f05ca251,-1.2406306119827901,2.678488023874479,3.3041101811616236,True,89.31716079277926,3915.2546319782277,477.0156841011136,0.34631276496044117,0.2728853353355841,0.2556723300426523,U8,U10,11.726030350047767,18.814652214260597,CPG,WPG,1.9620000000000002,0.5081218470911283,0.07257479676944203,424.9912785971413,611.3309345237379
69961f2e,-1.1962066385429813,3.086246530471825,3.67954816577193,True,119.21265946192294,4828.973892520216,609.0761344441639,0.3381579528695995,0.24772002166659085,0.7632625306493593,U8,MN8014,13.121335600597561,18.666393034255826,CPG,WPG,2.037,0.5117673851838119,0.07926968530641909,282.7970294356624,571.5602275607675
a675e488,-0.9140947227832559,2.899470694556302,3.514150000061327,True,122.7217314515364,4912.259214512269,588.5451458592862,0.34927747294529615,0.2586393368536987,0.2698075138076893,U8,U12,15.065467373431968,19.849466969016316,CPG,WPG,2.891,0.5072415013777167,0.094511973167647,301.72939708053906,718.2676351940269
c4f4d858,-1.6096158136775587,3.5808835831743693,4.21262151823557,True,124.45785129978738,6552.690802032967,630.9889220639486,0.34930957239518257,0.27619345344110746,0.38230426080089097,U8,MN8014,15.022430212466931,18.694149654844423,CPG,WPG,2.088,0.5012850593472089,0.07297107972225716,313.67785831219027,775.7980311121145
b9c82243,-0.2789221539632617,1.6691373232302462,2.2126336019703228,True,83.0176779511323,3481.6517165095765,694.5728268442062,0.3001978712758878,0.23433437484790237,0.5445408352229029,U8,U12,11.337191808749813,21.246366664251422,CPG,WPG,2.899,0.5369751422726515,0.09795200797870712,441.74201683164114,639.9381140989951
53f2492c,-1.7809031240260051,4.038655845288828,4.642098347688446,True,143.20684808418818,6731.5971946077625,739.3800280557095,0.32581640608700485,0.2705160706136329,0.34272876159620114,U8,MN8014,10.8491572922062,24.000436784957465,CPG,WPG,2.193,0.5159046824348588,0.054415885422115326,245.8243015384461,643.7338437194344
c49998de,-1.7462627236860002,4.00298828432065,4.584053374172675,True,142.84170404230997,7259.513042872472,712.337433283044,0.3281769572721254,0.24508602195676632,0.33319208302668946,U8,MN8014,17.55681681958564,23.13960120263288,WPG,WPG,2.282,0.5022789363868655,0.04233249432320383,228.08725546450242,793.0122822220134
ad12b7eb,-0.9536755485989952,2.5746548055036866,3.1882775006613473,True,100.58861712697944,3492.18575829109,492.0231557835349,0.3495700202797241,0.2572575005013694,0.49660227257314876,U8,VT8020,16.98284275106785,19.2808363393604,WPG,WPG,2.2430000000000003,0.5163427747572525,0.08632014660354871,327.5304185310767,599.1155402231004
567443e9,-0.9417036408434306,2.3129759914633854,2.8945174618631935,True,84.47815670799699,3360.96990099211,514.3874118542786,0.333570917881149,0.24018317531452932,0.5701436621583,U8,MN8014,13.507267107193261,19.034347861448076,CPG,WPG,2.082,0.551651750280855,0.08919636472289744,176.4382012605373,638.4446835100043
50fdc52b,-1.731518217676462,4.073788213429559,4.68527588632807,True,148.52799971687313,6981.133535746558,792.8944188887433,0.34479417841296894,0.2598322884927131,0.3547653675762922,U8,MN8014,16.353930500673805,23.872001679512994,CPG,WPG,2.287,0.514168802679415,0.04836386053640971,413.2796856104732,737.5120040381075
0fdb432f,-1.561486003748941,3.854116385038201,4.426754753856633,True,145.222025419284,6303.011323755303,742.4858492948388,0.3202398149040729,0.24433582305307316,0.5242902280479862,U8,MN8014,13.059779376652836,24.90786523015367,CPG,WPG,2.286,0.5009782603599493,0.046544846505763675,257.2247784274854,726.0861411092076
50ec3c2c,-1.367659601349661,3.819455074344292,4.386884279983242,True,155.20969819964208,6371.798241577954,775.3545702684454,0.32895969032919936,0.2302456763088935,0.6639048619586384,U10,MN8014,18.576038154420996,22.42639750502488,WPG,WPG,2.473,0.5012721045689412,0.05464560118975928,434.6593182653713,716.914124832726
c44b7ae0,-0.6827723892443137,2.853169384325544,3.415586482895873,True,134.93979967208205,6342.16537537224,726.3177531870796,0.31885565904755364,0.2351825869012391,0.7801032595338536,U8,U12,19.972538410752115,20.639499995501456,WPG,WPG,2.926,0.5937732508998437,0.06544281348502407,398.27410574890234,791.9498914937999
ee712ca3,-1.9244961234439621,4.027520003143091,4.659469317059777,True,133.23825864660859,5761.663026367308,638.8046436986671,0.34993794960084906,0.27578299258130184,0.2739939488851908,U8,MN8014,14.328324839101578,22.98220462176082,CPG,WPG,2.089,0.5036325920851442,0.056512447206074214,226.59479094788043,644.9894357327449
b4ee59c5,-1.7025524436014658,3.878389537631027,4.479349951736164,True,137.46580626863744,5955.562133797735,691.4218387532917,0.3354748208304128,0.2582988019583875,0.2872960082243833,U8,MN8014,13.031766781677948,24.43649224489727,CPG,WPG,2.277,0.5094825098041481,0.07245863380656974,197.16050001220708,682.4217826327783
c12aceb4,-1.523962793444092,3.7379111942814878,4.324383118772952,True,139.3465600558264,5868.755489704582,679.5604435661393,0.29440450087513104,0.28443253468307905,0.27298034189644205,U10,MN8014,14.353354105686776,24.999438190024637,CPG,WPG,2.4749999999999996,0.5010446637269563,0.05371944894755806,72.03385561010307,796.3519828161886
c70d0ae7,-1.3271528304976137,3.2664744343117396,3.8639402720608786,True,121.20477358760839,5110.9115394117725,625.7296584845758,0.34849073853171914,0.2416802282199707,0.25211482722028794,U8,VT8020,11.597329529990368,24.541179706381392,CPG,WPG,2.425,0.5072870382943735,0.05608934380671027,335.6575996537943,784.1796682129113
a1f717e0,-1.8468718056755757,4.09818501549598,4.710319381740749,True,142.48088065469358,6557.847032632983,728.9233215365261,0.34998457620044,0.2553085848766425,0.2826512487259142,U8,MN8014,14.958908068697895,23.186951691755933,CPG,WPG,2.282,0.5045163680051313,0.044453254630621976,310.070724041397,790.4221223972248
0dfffecc,-1.2811392342804788,3.185383207721458,3.7982516802293023,True,119.05626489606529,4560.814082718959,526.2276793632519,0.32290970243458067,0.2831402692229905,0.36118411284253893,U8,VT8020,17.030065628832556,24.75847670137606,WPG,WPG,2.3680000000000003,0.500450517922125,0.04586434398523298,134.0767165412691,777.035601040062
cd1fc95c,-1.5552387489328856,3.750576536867071,4.333230733935111,True,137.9558525289457,5824.01102466512,722.9753837933555,0.3424972921261633,0.2324039419645998,0.3145473092881448,U10,MN8014,14.757239827098209,24.735876632920014,CPG,WPG,2.52,0.5329062599893697,0.07148824781199824,305.36540220652057,692.7611170456443
d42f7b81,-1.2955172730813165,4.578150386044027,5.137926004881122,True,208.0922075308474,9006.069791731437,1071.6045558668393,0.303415122913933,0.24789994805214502,0.5178989597225678,U10,U12,16.85538975923819,24.18719541884501,WPG,WPG,3.225,0.5000167774752673,0.0434002004449314,218.17769254558078,723.2073039968382
2243e99e,-1.5765307840534275,3.868628137470808,4.469799225878988,True,144.96649022782537,6184.504438612185,694.7663860622197,0.30717186377846023,0.2868189490134776,0.46350204926258615,U8,MN8014,16.01204208411483,24.899969774646753,CPG,WPG,2.3520000000000003,0.504566259405192,0.06190209141339639,198.00967462525512,767.6338791610094
c7cadc07,-1.6983490562998695,4.066997460686053,4.6866986739509855,True,150.2365602924122,6420.870283557917,711.9638083645956,0.34873285001076393,0.26436118428298094,0.436070460859945,U8,MN8014,18.955141398027166,24.596369054618265,WPG,WPG,2.302,0.5054494229401202,0.05334662120924525,151.59103193682319,784.4906695493787
2287c736,-1.0616734598542625,2.7592431654067773,3.3717256227469563,True,105.01131370350099,3843.994909435984,517.378005200348,0.3436246924611911,0.26202732541528206,0.2795278951926932,U8,VT8020,13.584010412541966,23.151136312573836,CPG,WPG,2.448,0.5345661508944839,0.09143633096466805,333.25078270152517,752.3773707575901
9e30e990,-1.8591906054033365,4.118209794234031,4.754780705037486,True,143.3279459220463,6985.979866473192,654.2132962893573,0.3343681982201045,0.29611727683500433,0.2530919504656315,U8,MN8014,19.124815483130856,23.77443252001685,WPG,WPG,2.182,0.5061577183261854,0.04646101229745108,234.50837949251363,782.114660920658
eafc76b0,-1.8100416043531238,5.1622210033925295,5.770991326431197,True,213.28529326929373,9602.33037774183,1056.547782040932,0.33925672125868617,0.262568354038909,0.2997786695072803,U8,U12,18.130108098868497,22.960107284411873,WPG,WPG,3.0580000000000003,0.5028314320937429,0.05219919552415433,118.52302514774202,774.6042589759933
e23c3eea,-1.5828424208204999,5.1079847218792365,5.687046810844219,True,224.01615340391578,10592.611142318532,1187.0487154799575,0.3224089459256532,0.24878908393515337,0.318260449682953,U10,U12,17.325736101293217,24.781417946766812,WPG,WPG,3.298,0.5143995238396666,0.04241528892695242,345.03757411434185,799.3186527947248
fc99b730,-1.781858104901614,5.309039437426333,5.904836818496688,True,224.67208883498125,10607.712550364718,1162.5006239242546,0.32862448364725666,0.259826424672697,0.38493551703032364,U8,U12,17.05968460888073,24.5289118647731,WPG,WPG,3.142,0.5000120757384533,0.04092048433344065,144.91201636134417,797.0689398602013
a38b2e81,-1.3256997891971227,3.8482247484165644,4.445471380145821,True,158.7716639479628,6669.665326000299,741.2479647924604,0.3393131847524424,0.25063179641174005,0.29501681316647255,U10,MN8014,20.49143287491375,24.253794888717945,WPG,WPG,2.819,0.5027870494283075,0.0480649467650334,230.43321346549968,799.7784558017372
f4df84bf,-1.7950032845592934,3.811294162112733,4.383492311488593,True,127.229391836896,6675.007375870792,690.0002933383535,0.3364395601890933,0.22768224329117412,0.26287951025058093,U8,MN8014,20.978819168089522,20.942869553449473,WPG,WPG,2.157,0.5484609326994583,0.05872592169607814,383.51727904024756,793.0901189787518
1a68e353,-2.2511606976619807,5.509101640448195,6.12684810131089,True,207.93939618574763,9752.303718524727,1034.30497312609,0.3490863575848715,0.2619924680467727,0.25445486376662285,U8,U12,12.599197378407961,24.99990342996725,CPG,WPG,2.7769999999999997,0.5013586195774592,0.061190355684291195,91.11843536678558,760.195920560856
9e62bc9b,-1.7008838827488801,3.787302466440514,4.3773416807839105,True,132.0112389127756,6322.855150417662,686.4699235265084,0.32211781302805575,0.26039684093420823,0.3571399059403694,U8,MN8014,15.276822933232538,24.72474577325133,CPG,WPG,2.125,0.5428593861121576,0.04998985638652866,84.6879960570565,730.7079043733233
e839271e,-1.65836961720298,4.911140914266667,5.515597623558822,True,206.54141980424583,9552.410743204022,1075.115688099423,0.3332667891981367,0.26411126161851795,0.2757405804788888,U8,U12,16.556314426691475,24.91079747976307,WPG,WPG,3.093,0.5241197820964028,0.04431494576355713,253.08267043453574,798.1607489297463
f44f120e,-1.621781050952009,4.3742794349790985,4.984128455632949,True,174.11655893513932,8039.32090133206,947.4734938573146,0.3291403735724312,0.2737967611222602,0.2744438830777242,U8,U12,18.05516315082341,23.077978523132565,WPG,WPG,2.815,0.5516886585026947,0.06477998368844942,214.0993289438431,799.9984709754937
69ad2d0b,-1.852587606178293,4.102938866099997,4.729522242099027,True,142.42675066144693,5976.691412978229,650.7375197987794,0.3370833781204937,0.28310566930118686,0.2500391833335425,U8,MN8014,19.97953864916884,23.153520752987546,WPG,WPG,2.279,0.5032439164462958,0.04762746891026775,125.90571106332565,798.9616884622006
8791e410,-1.5994495552248593,3.842228591517082,4.463766971759551,True,142.26193575281485,5856.983079546926,674.6551182856886,0.3498684455971394,0.2651195752713852,0.5296264807336966,U8,MN8014,15.858098181131284,23.785153059148392,CPG,WPG,2.177,0.5000000772416522,0.0655016200689962,242.8412206205526,799.1768861305871
0fa90a25,-1.939278445412688,4.868351939043848,5.491744935774936,True,186.30156624207734,8938.384225385114,984.372421568882,0.3484237055928636,0.268476291037125,0.27366538851659766,U8,U12,11.186361150159282,23.13694461964053,CPG,WPG,2.691,0.5369340187564005,0.047445227721204845,69.4025909685234,734.701777782859
79d572d5,-2.229824185354414,4.707266229719169,5.287282112037952,True,157.52613629098366,7272.939875745885,797.1008609416655,0.34998151720543436,0.22219980477269194,0.2514868662378578,U8,MN8014,15.384712090697644,24.589881336268764,CPG,WPG,2.2910000000000004,0.5038831694166148,0.043877165829564066,235.4955342423087,682.1353052322942
ed74bd15,-0.8759468985231075,2.957874226713634,3.5995932496412975,True,128.87182187936844,4909.65441602002,606.0176733994106,0.34871289579480574,0.28707991134711547,0.27097412749438743,U8,U12,16.262730300458113,23.702966371983432,WPG,WPG,2.977,0.5028489991083241,0.09889225197720052,125.45795066976231,790.8309262976051
5780039c,-1.6061680184655451,4.940114271121266,5.56949283189608,True,212.07975017704808,9532.565480864252,1023.1618879782267,0.34959540611303186,0.273475275098117,0.2652619946720147,U8,U12,17.331881743087415,24.92648304230655,WPG,WPG,3.055,0.5006538530855128,0.053666901720325226,186.81424168707315,799.4564428486993
ecddec90,-1.9343349186173182,4.150055761897163,4.724646754249384,True,140.76138955198965,6584.161077454598,710.4971172126341,0.3223006054461958,0.24428804646330993,0.36746553424467543,U8,MN8014,15.158105590742817,24.688662118704503,WPG,WPG,2.086,0.5034166819112696,0.04550243866750486,116.15172329921674,648.9969494236029
2b567337,-1.9207460257157773,4.001439263961719,4.594751729126771,True,131.7895492163961,5951.381045457915,645.5464425862406,0.34971515148581234,0.23617398785960203,0.2631437493871956,U8,MN8014,13.011875655337471,23.042061777228277,CPG,WPG,2.077,0.5045723291338906,0.04618837686588986,89.65321307646657,790.0636161912462
734063db,-1.9145108630456538,4.233691123294137,4.804099735636479,True,147.04535068323221,6848.605880446248,765.2657386919437,0.32697440871595623,0.23530251122460222,0.3070891007387389,U8,MN8014,13.541355030507463,24.64005900220184,CPG,WPG,2.27,0.5048513662571572,0.04218648173546111,61.0771158710087,686.3749446436332
e8c10eb1,-1.7648317643213856,4.087063137541019,4.680146313699236,True,147.27875821464224,6379.592084063555,716.871223973427,0.33132582198409555,0.25432693694190095,0.38169430357208933,U8,MN8014,14.408245693403643,23.87217016641279,CPG,WPG,2.261,0.5054906184143211,0.0711560961825346,233.96614624689107,784.5095772264607
ab42fc93,-1.7585841643921376,5.337569021860545,5.931322221286324,True,228.04232383122715,10799.330533895996,1187.875333893291,0.3499606615057042,0.23638284305695523,0.32430626240208,U8,U12,15.87898691830829,24.491933876884236,CPG,WPG,3.167,0.5055924764001286,0.05233719837184239,259.7902220796952,727.8714551498641
93c82934,-2.115421019393644,4.336539601226186,4.9341885988759735,True,141.06123878883616,6506.179685794018,691.8747752838569,0.3328734520818485,0.2574863393096846,0.2521389897373281,U8,MN8014,13.475170369458306,24.679070985838603,CPG,WPG,2.104,0.5000559164925316,0.04726203600903904,148.8902774724781,797.9840846833083
f67d6113,-1.9774025091490857,4.193201871733928,4.794831285268705,True,140.9366241723228,6488.536787001482,694.552485293936,0.3499340476383974,0.24452926528405347,0.4350259369066002,U8,MN8014,13.062494962571902,24.99261544234848,CPG,WPG,2.035,0.5003265090505743,0.050503662377116114,112.07096553065155,778.9507419179392
17dfd55a,-1.845412309731562,4.0172373585258745,4.616781642992125,True,137.54166991962083,6260.456466519777,698.758886635634,0.3257661158430908,0.26654757948294094,0.2541788370275452,U8,MN8014,14.367417683913667,24.828246351285216,CPG,WPG,2.174,0.5312899560817623,0.04067481722946201,173.71890479788385,766.2982215679825
65b19883,-1.9054589088855696,3.9935708394191085,4.609774241559885,True,132.12412870223594,5989.553265582432,628.4549701205558,0.3424627529733378,0.2670252904707617,0.25544800104628307,U8,MN8014,17.766506003148073,23.02430096350137,WPG,WPG,2.125,0.5081688093589849,0.046153465298206985,71.45288637757638,798.4248386589652
84f4e02c,-1.2025480344215629,2.950075348419317,3.538500859017886,True,108.8018209331836,4240.38111349167,492.92397299415916,0.3287403800633121,0.252110661790883,0.2930348203612264,U8,VT8020,13.508405659346508,22.375456718442596,CPG,WPG,2.31,0.5056874758468194,0.042686365900900476,103.99902664688693,752.0359073595009
c14214b3,-1.2042100466425336,2.997091369700693,3.5785794743430217,True,111.93542153721062,4611.750745872696,506.72141499491056,0.3122019658516674,0.2614971110991872,0.34612855002428916,U8,VT8020,12.389782037706484,22.727106415381293,CPG,WPG,2.277,0.5019321845151099,0.08304338256693182,159.21560331763362,766.6138987209288
fbef08a8,-1.3413296181966456,3.0121526738298217,3.596628778404889,True,104.19820370887841,4421.0819889888635,602.2481361649085,0.3471612175377789,0.22961827171486765,0.3918406239118064,U8,MN8014,15.244484787196187,23.673886398767127,WPG,WPG,2.157,0.52882834797826,0.08239036459793717,133.7356939956648,794.8953892794361
219c0435,-1.9390285418969773,4.098410919383813,4.685047452778706,True,136.90215849912238,6954.9648011548015,702.97733587883,0.34299924879117283,0.23600748666747967,0.28381704591335927,U8,MN8014,12.420667977510643,24.837965888531283,CPG,WPG,2.117,0.5075028026564229,0.04809078682444912,59.3189188705263,795.8758366972322
fd8d171f,-1.673731368562046,3.7948657292743615,4.4035346693258255,True,134.1356240474877,6185.911744620437,677.2578943406925,0.3477014551925987,0.25401910156148794,0.39249093888364833,U8,MN8014,15.571349041636674,24.84864688666297,CPG,WPG,2.182,0.5157644181531813,0.069144536838912,58.86104847687341,759.6150444474678
467d24b3,-1.983806887243942,4.079984462862401,4.681111948852423,True,132.85517170789728,5691.742888856204,654.9152581975188,0.34650085413295306,0.2474450077124302,0.32209656182146623,U8,MN8014,11.452272327204696,24.702683958140902,CPG,WPG,2.067,0.5000267429951931,0.07418926549902757,155.78912102114447,799.4483100676327
552acd07,-1.794053467298107,3.9333473621231603,4.535721424803678,True,135.75292632167023,6170.244570794091,706.7749368025494,0.3498026384676181,0.2454283539865239,0.42005473158539486,U8,MN8014,12.893032037866728,24.980855432453755,CPG,WPG,2.06,0.5466083481169143,0.04000628307208978,118.3924352833577,731.0791298973072
c8a01a1c,-1.6379173533214004,3.363061005816944,3.946404631321599,True,108.05957683303623,4664.228239657923,605.8810048132946,0.3299949989948838,0.24561698606146132,0.2530392437760476,U8,MN8014,14.660628026971658,24.991625037812806,CPG,WPG,2.085,0.5202729030940357,0.0778571577111345,173.73917454303464,758.5207659756917
0bf02904,-1.6697470620173236,3.908506011222895,4.480422100683827,True,141.54726328037142,7322.943170150123,711.2807051200431,0.3112864102372881,0.25254460982552884,0.340928895509752,U8,MN8014,13.456390501741302,24.386995544380092,CPG,WPG,2.311,0.5012705846205436,0.06633576679717676,89.31401469221647,799.1360980907561
9ca5c656,-1.680851867159462,3.4343404038798164,3.988222804617478,True,110.5525691146903,4905.467734439552,616.1328838662646,0.34269181861889886,0.2025477697704426,0.46867894771818397,U8,MN8014,9.71102094945741,21.037449609040383,CPG,WPG,1.9040000000000001,0.5004386571853263,0.06768898160354836,144.23237874149567,797.9098989477701
5d076218,-1.5221054472695164,3.341441164001763,3.9391782409104104,True,113.93904778214979,4740.734958984466,616.8767778819337,0.3451051482005452,0.24534544655063775,0.34923746797619754,U8,MN8014,9.749154960428365,24.376253652532718,CPG,WPG,2.205,0.5158872968974897,0.08165095487365365,30.608402490887034,650.7926158031006
b0bf1fbe,-1.866558542375861,4.232406319204514,4.837818670640298,True,150.1131851219102,6855.9585648416805,735.7593272970219,0.3498270158430691,0.248536233059802,0.3541734133786347,U8,MN8014,14.655330686438917,24.62978847340848,CPG,WPG,2.2830000000000004,0.5045877782437699,0.042105827720988635,92.01235070036546,795.6787208212232
435db807,-1.0933594939091904,2.54287011306557,3.125474872070182,True,89.50737461042532,4002.6412039206452,499.0693893513352,0.3485378097671702,0.22631245724789373,0.38730358196092945,U8,MN8014,10.056228032435328,23.355236453733234,CPG,WPG,2.138,0.5370829454382582,0.08665996858370958,202.3195232140717,799.9673053379279
3360fad8,-2.1488578098452726,4.400228934988936,5.008092721878045,True,143.08474167624425,6693.487222745179,708.76619406271,0.3488274320799835,0.25206306986755134,0.251987721859791,U8,MN8014,15.746707885335406,24.989488209504415,CPG,WPG,2.102,0.5077285920013395,0.05385411892430139,210.86432818421116,795.7325393374093
fb15b093,-1.5966825644815508,4.765472652318163,5.344086291939287,True,201.64933918910748,9460.337480376267,1070.3719571055515,0.3050750647619598,0.2656606461876522,0.5007326613822973,U8,U12,14.088209846708619,22.4673112060558,CPG,WPG,2.8810000000000002,0.507770184490926,0.062216804381066054,101.38158677483737,799.749066717297
c11bd6d8,-1.594368170522594,3.63986638526172,4.247244426275054,True,128.84654764927507,5825.150522873463,664.670358741066,0.3469257103686665,0.2534640226347704,0.26853535876619916,U8,MN8014,11.962734149759005,24.90072778878645,CPG,WPG,2.2560000000000002,0.5430941879429539,0.040047128720401,93.38525336908842,781.4201120189232
4b16bd3a,-1.8750821372258237,4.199743985593032,4.801641389085519,True,147.17412322448055,6405.363429125664,704.4040666975269,0.3444868921411149,0.25025269908825376,0.2857480490043708,U8,MN8014,15.667779047547903,24.41077297598061,CPG,WPG,2.341,0.5058087249356209,0.041484667719617424,103.36334074274569,775.5056027558584
cf3b6263,-1.9328737640732827,4.323064066343365,4.929989134737884,True,151.7526868180055,6602.980989946194,718.1706721548712,0.3434436411007415,0.2564791098214431,0.328043989929651,U8,MN8014,14.611785621739974,24.52069422291878,CPG,WPG,2.278,0.5039348316861707,0.041442518503118565,120.25366773564033,798.9499994365136
d2a380e2,-1.2780149384947987,3.1169247869636907,3.69434811250842,True,114.75732323125946,4456.822990036237,550.4522685624206,0.3306182921267825,0.23889029090902086,0.3060580066362713,U8,VT8020,12.56224136806722,24.78445015453037,CPG,WPG,2.351,0.5004300813527504,0.05255610969864457,107.30319272121248,739.6354635363895
e8ffa2a1,-1.858271951904553,4.14113101893018,4.70992659884771,True,144.46060446837512,6983.7403723462685,742.5248413056618,0.3396332640722517,0.2209807358427282,0.258604235160038,U8,MN8014,13.992748862927842,24.911144034881357,CPG,WPG,2.319,0.5072845903034104,0.04032204269335425,200.00114862859505,794.4205308975668
f5d2be05,-2.163870764917047,4.5266130411041665,5.110604601899724,True,150.5394850791413,6831.219451745611,728.7059821096566,0.34378370402418673,0.2324962555588624,0.32084815977286224,U8,MN8014,15.27500463247054,24.993868020713673,CPG,WPG,2.093,0.5015979884468715,0.05478968759697429,191.01979631418132,798.7658651203308
b3dba9c2,-1.8373999227901592,4.055252975021604,4.643479078902155,True,140.39353681542968,7510.87403069116,713.8122547969001,0.34394030841736795,0.2367051595007263,0.2858319695449414,U8,MN8014,13.269103819025634,23.211979023693164,CPG,WPG,2.239,0.5118303864781931,0.059692017422511956,186.35359289868563,799.9701745901677
87e1f0af,-1.735226541810831,4.024997510079613,4.613357336326131,True,145.00806455125215,6851.793572031534,768.2255815000811,0.34279200674388727,0.2379913192834509,0.36257281568923627,U8,MN8014,12.284696179749586,24.270812206545045,CPG,WPG,2.293,0.5244692529690708,0.06341272288259972,289.06444246729814,796.066341650072
43156b4e,-2.178807922818089,4.464788923168137,5.054679495580562,True,145.42206669000322,6590.2717630725365,705.5210067671326,0.3463178599404331,0.23604355491773613,0.2500195377349113,U8,MN8014,15.0897342619428,24.988755545783402,CPG,WPG,2.093,0.5002434122366533,0.06618126753730116,197.66582232060946,793.0760361027056
d0943525,-2.1753801451033246,5.417288635525227,6.016740184304867,True,206.73056602812684,9987.042188393318,1054.818988011107,0.3397108287742869,0.25250726275111474,0.25000057349586746,U8,U12,16.726100011301362,23.113502221074338,CPG,WPG,2.819,0.5012451894944269,0.04430873588495884,168.76395359134938,744.8395009263389
ed61dc53,-1.902011428307221,4.23498552262653,4.832002152883054,True,148.05827295462058,6865.069742713689,760.0629427945053,0.3449202064580243,0.2447876597858155,0.33250821813550835,U8,MN8014,13.891197592980687,24.505630751859606,CPG,WPG,2.242,0.5392635041426138,0.047324409159439876,216.74757927405088,795.8735815558064
b5035e0c,-1.4125132009206602,3.3618721780408656,3.9779979632961755,True,122.20726514134702,6079.169195773202,605.8713609076701,0.33718730784857,0.2722207181878319,0.2566849114047691,U8,VT8020,16.776946129382328,24.999923316898016,CPG,WPG,2.325,0.5016473342721866,0.04120443382069157,242.95875719451283,796.8474178551338
2baaf9ec,-1.4748067783232741,3.370306023629139,3.9698866274269267,True,118.69661635372431,5942.075217963353,568.1583173390652,0.3488688138061223,0.2434823241297413,0.29237061848179324,U8,VT8020,17.714123948740784,24.989953773496552,WPG,WPG,2.301,0.5018605292685827,0.04627733354250828,227.3345228911607,799.0185453193218
383762ed,-2.0819983563465514,4.329663370186556,4.935172201166273,True,142.89433425600032,6649.00250499852,692.0745801508357,0.3422512571720154,0.2562114551782082,0.25024547503210925,U8,MN8014,14.746815347889967,24.997776905938835,CPG,WPG,2.085,0.5106353255112085,0.04619109558279144,190.20710628552905,788.352453070026
3c7d3a37,-2.2430236416017078,4.569674546862848,5.157325756095687,True,148.24339368407604,6794.415924897123,713.8775005758099,0.34828658797693507,0.2317662050466094,0.277697486697903,U8,MN8014,13.565539298682161,24.958161994316583,CPG,WPG,2.06,0.504000119704646,0.04453502131230378,149.49394546516595,784.11259789951
33850004,-2.002684040861125,4.2447660406298455,4.8521435449804455,True,142.22546665124804,6798.217946183756,709.1011029159256,0.342859305869526,0.25752987387336046,0.28237967997175534,U8,MN8014,14.73704467493067,24.75719707172713,CPG,WPG,2.174,0.5119709988423546,0.04319440962278495,193.28519909774573,796.0952173529869
3254c844,-1.7325023741069097,3.972644775831039,4.578349360590908,True,141.52949344827528,6222.683956291798,682.097691886803,0.34971961341119084,0.24894490695980773,0.2859340552654584,U8,MN8014,15.273502200171645,24.89860117030463,CPG,WPG,2.3440000000000003,0.5005696789394264,0.056113316859327064,178.1596385624652,714.5401332497925
c4ab7e94,-2.0128782229293622,4.261248838380802,4.864762860377383,True,142.588041030096,6526.4626105516645,694.6113772602496,0.3480128285198591,0.2483933797240392,0.2526297836340751,U8,MN8014,15.842086100414344,24.78975054175464,CPG,WPG,2.191,0.5000182810137199,0.056709040889495604,139.5700973450027,706.1698453366782
f3afc641,-1.9832535442352202,4.398375373895118,4.985600590566017,True,153.36812197732652,7459.662661767518,767.4836447309174,0.33793651748256315,0.24167710795135328,0.2657912539005295,U8,MN8014,14.840898316541505,24.61248075270797,CPG,WPG,2.2920000000000003,0.502062189755526,0.04005853462638585,205.08186723415466,788.4129801810925
9e89acda,-1.997506469624821,4.178350213230651,4.7450566670250005,True,138.246249573722,6899.306029876267,741.9293316927979,0.32421941449918135,0.23424084714447835,0.254963011523335,U8,MN8014,15.188997706320809,24.84110624801008,WPG,WPG,2.143,0.5259541620048058,0.04693538537397305,113.08015729107146,794.1122037110837
d01215bd,-2.026040735529335,4.380509076745889,4.94224761423425,True,149.9445560811036,7090.7499275968075,788.8430380112256,0.3427844389009138,0.2105542595406958,0.4979760709943232,U8,MN8014,14.148728063336506,24.695357578174885,CPG,WPG,2.106,0.5080404380512158,0.059582363726397206,191.1985417499285,751.7137599668469
7ee00ef8,-1.93707846226446,4.3027308056215094,4.890014106661879,True,150.00348955713665,6693.929077944829,727.8286943041703,0.346773895170032,0.23289961105715346,0.26126766693652426,U8,MN8014,13.84030338068857,24.304958577193435,CPG,WPG,2.3120000000000003,0.5072889564870605,0.043304109017892736,135.1461356915466,799.809274823377
4202e76a,-1.7553916531296532,4.013397772539617,4.61985768263675,True,142.6870746273309,6395.163733154994,689.3234302095976,0.34992752557624796,0.24951568070945668,0.2749569889476789,U8,MN8014,15.515449554716017,24.85409664867442,CPG,WPG,2.354,0.5044658836557221,0.04145088348142107,193.78716404474736,785.8781601560576
9ef9b9bf,-2.0805197066064105,4.2834652937193685,4.889327001767581,True,139.96970580753052,7268.706719211205,716.6921052123948,0.3498720826124971,0.24895442052999062,0.2500011958874579,U8,MN8014,14.046497449600556,24.972854613932864,CPG,WPG,2.068,0.5300603135078434,0.0424530374537366,252.84352065895416,798.6244956079122
